661,704,"47.53","-122.037","ROOFTOP","POINT (-122.037 47.53)"
988,1049,"40.3044","-79.5471","ROOFTOP","POINT (-79.5471 40.3044)"
662,705,"42.4145","-76.5315","RANGE_INTERPOLATED","POINT (-76.5315 42.4145)"
989,1050,"40.0187","-105.279","ROOFTOP","POINT (-105.279 40.0187)"
663,706,"38.7563","-120.679","ROOFTOP","POINT (-120.679 38.7563)"
664,707,"37.5441","-121.988","ROOFTOP","POINT (-121.988 37.5441)"
990,1051,"47.6062","-122.332","APPROXIMATE","POINT (-122.332 47.6062)"
665,708,"44.9449","-91.3968","RANGE_INTERPOLATED","POINT (-91.3968 44.9449)"
991,1052,"43.0117","-88.2315","APPROXIMATE","POINT (-88.2315 43.0117)"
666,709,"41.2328","-96.0825","RANGE_INTERPOLATED","POINT (-96.0825 41.2328)"
667,710,"45.0039","-93.2502","ROOFTOP","POINT (-93.2502 45.0039)"
992,1053,"48.0708","11.5311","ROOFTOP","POINT (11.5311 48.0708)"
668,711,"39.3722","-104.856","APPROXIMATE","POINT (-104.856 39.3722)"
993,1054,"41.9234","-87.6982","ROOFTOP","POINT (-87.6982 41.9234)"
669,712,"46.5015","-87.679","RANGE_INTERPOLATED","POINT (-87.679 46.5015)"
994,1055,"37.5356","-77.4338","ROOFTOP","POINT (-77.4338 37.5356)"
670,713,"54.6649","-3.3634","APPROXIMATE","POINT (-3.3634 54.6649)"
995,1056,"51.5462","-1.1355","RANGE_INTERPOLATED","POINT (-1.1355 51.5462)"
671,714,"53.5757","7.9003","APPROXIMATE","POINT (7.9003 53.5757)"
996,1057,"33.4148","-111.909","APPROXIMATE","POINT (-111.909 33.4148)"
672,715,"37.5665","126.978","APPROXIMATE","POINT (126.978 37.5665)"
673,716,"40.5549","-74.2771","RANGE_INTERPOLATED","POINT (-74.2771 40.5549)"
997,1058,"40.3688","-74.9477","ROOFTOP","POINT (-74.9477 40.3688)"
674,717,"41.254","-95.9993","APPROXIMATE","POINT (-95.9993 41.254)"
998,1059,"41.85","-87.6501","APPROXIMATE","POINT (-87.6501 41.85)"
675,718,"40.1707","-76.3838","RANGE_INTERPOLATED","POINT (-76.3838 40.1707)"
999,1060,"40.638","-111.69","APPROXIMATE","POINT (-111.69 40.638)"
676,719,"42.3037","-71.3966","ROOFTOP","POINT (-71.3966 42.3037)"
1000,1061,"40.4465","-79.7642","ROOFTOP","POINT (-79.7642 40.4465)"
677,720,"42.3724","-71.1193","ROOFTOP","POINT (-71.1193 42.3724)"
678,721,"39.7458","-75.5467","APPROXIMATE","POINT (-75.5467 39.7458)"
1001,1062,"44.5693","-72.6034","ROOFTOP","POINT (-72.6034 44.5693)"
679,722,"50.7298","4.508","GEOMETRIC_CENTER","POINT (4.508 50.7298)"
1002,1063,"41.8915","-87.6284","ROOFTOP","POINT (-87.6284 41.8915)"
680,723,"42.3375","-83.8895","ROOFTOP","POINT (-83.8895 42.3375)"
1003,1064,"39.7472","-104.995","RANGE_INTERPOLATED","POINT (-104.995 39.7472)"
681,724,"39.9529","-74.201","APPROXIMATE","POINT (-74.201 39.9529)"
1004,1065,"43.0399","-87.9117","ROOFTOP","POINT (-87.9117 43.0399)"
682,725,"43.0519","-89.4737","RANGE_INTERPOLATED","POINT (-89.4737 43.0519)"
1005,1066,"44.9765","-93.2747","ROOFTOP","POINT (-93.2747 44.9765)"
683,726,"33.9533","-117.396","APPROXIMATE","POINT (-117.396 33.9533)"
1006,1067,"37.2886","-121.933","ROOFTOP","POINT (-121.933 37.2886)"
684,727,"53.5412","-2.1734","APPROXIMATE","POINT (-2.1734 53.5412)"
1007,1068,"39.5678","-104.874","ROOFTOP","POINT (-104.874 39.5678)"
685,728,"49.6283","11.5498","ROOFTOP","POINT (11.5498 49.6283)"
1008,1069,"41.4623","-81.856","ROOFTOP","POINT (-81.856 41.4623)"
686,729,"49.9043","10.8524","ROOFTOP","POINT (10.8524 49.9043)"
1009,1070,"39.4091","-104.87","ROOFTOP","POINT (-104.87 39.4091)"
687,730,"42.2949","-85.5788","ROOFTOP","POINT (-85.5788 42.2949)"
688,731,"32.8969","-117.201","ROOFTOP","POINT (-117.201 32.8969)"
1010,1071,"42.7875","-86.1089","APPROXIMATE","POINT (-86.1089 42.7875)"
689,732,"45.4956","15.5331","GEOMETRIC_CENTER","POINT (15.5331 45.4956)"
1011,1072,"44.6202","-124.052","ROOFTOP","POINT (-124.052 44.6202)"
690,733,"49.8904","10.9056","ROOFTOP","POINT (10.9056 49.8904)"
1012,1073,"51.4421","4.9232","RANGE_INTERPOLATED","POINT (4.9232 51.4421)"
691,734,"44.5236","-89.5746","APPROXIMATE","POINT (-89.5746 44.5236)"
692,736,"38.4405","-122.714","APPROXIMATE","POINT (-122.714 38.4405)"
1013,1074,"37.2869","-121.946","ROOFTOP","POINT (-121.946 37.2869)"
693,737,"38.0317","-84.4951","APPROXIMATE","POINT (-84.4951 38.0317)"
1014,1075,"45.5118","-122.659","ROOFTOP","POINT (-122.659 45.5118)"
694,738,"-1.2833","36.8167","APPROXIMATE","POINT (36.8167 -1.2833)"
1015,1076,"37.9871","-122.589","APPROXIMATE","POINT (-122.589 37.9871)"
695,739,"46.5958","-112.027","APPROXIMATE","POINT (-112.027 46.5958)"
1016,1077,"43.3178","-88.379","APPROXIMATE","POINT (-88.379 43.3178)"
696,740,"51.0638","-0.327","APPROXIMATE","POINT (-0.327 51.0638)"
1017,1078,"38.647","-90.225","APPROXIMATE","POINT (-90.225 38.647)"
697,743,"50.9193","3.9666","RANGE_INTERPOLATED","POINT (3.9666 50.9193)"
1018,1079,"32.789","-96.7989","APPROXIMATE","POINT (-96.7989 32.789)"
698,744,"52.091","14.6509","ROOFTOP","POINT (14.6509 52.091)"
1019,1080,"44.0291","-88.1629","RANGE_INTERPOLATED","POINT (-88.1629 44.0291)"
699,745,"49.0144","12.075","ROOFTOP","POINT (12.075 49.0144)"
1020,1081,"39.939","-77.6566","RANGE_INTERPOLATED","POINT (-77.6566 39.939)"
700,746,"49.8891","10.887","ROOFTOP","POINT (10.887 49.8891)"
701,747,"51.5314","6.7418","ROOFTOP","POINT (6.7418 51.5314)"
1021,1082,"38.5731","-121.481","ROOFTOP","POINT (-121.481 38.5731)"
702,748,"48.1826","11.2522","ROOFTOP","POINT (11.2522 48.1826)"
1022,1083,"47.6855","9.208","ROOFTOP","POINT (9.208 47.6855)"
703,749,"50.3216","7.5862","ROOFTOP","POINT (7.5862 50.3216)"
1023,1084,"44.8902","-92.6378","RANGE_INTERPOLATED","POINT (-92.6378 44.8902)"
704,750,"47.9262","9.4204","ROOFTOP","POINT (9.4204 47.9262)"
1024,706,"49.1482","-122.862","RANGE_INTERPOLATED","POINT (-122.862 49.1482)"
705,751,"19.642","-155.996","RANGE_INTERPOLATED","POINT (-155.996 19.642)"
1025,1086,"38.4418","-122.712","ROOFTOP","POINT (-122.712 38.4418)"
707,754,"41.0323","-74.6407","GEOMETRIC_CENTER","POINT (-74.6407 41.0323)"
1026,1087,"41.3879","2.1699","APPROXIMATE","POINT (2.1699 41.3879)"
708,755,"44.5617","-72.5984","APPROXIMATE","POINT (-72.5984 44.5617)"
709,756,"42.5278","-83.0472","RANGE_INTERPOLATED","POINT (-83.0472 42.5278)"
1027,1088,"51.4736","-3.179","GEOMETRIC_CENTER","POINT (-3.179 51.4736)"
710,757,"50.106","11.4442","ROOFTOP","POINT (11.4442 50.106)"
1028,1089,"12.9683","77.657","APPROXIMATE","POINT (77.657 12.9683)"
711,758,"50.1077","11.453","APPROXIMATE","POINT (11.453 50.1077)"
1029,1090,"38.6191","-121.4","RANGE_INTERPOLATED","POINT (-121.4 38.6191)"
712,759,"32.8409","-117.274","ROOFTOP","POINT (-117.274 32.8409)"
1030,1091,"29.8123","-95.4675","RANGE_INTERPOLATED","POINT (-95.4675 29.8123)"
713,760,"33.8575","-117.876","APPROXIMATE","POINT (-117.876 33.8575)"
1031,1092,"38.633","-90.21","ROOFTOP","POINT (-90.21 38.633)"
714,761,"44.6598","-63.5997","RANGE_INTERPOLATED","POINT (-63.5997 44.6598)"
1032,1093,"28.1646","-82.7717","ROOFTOP","POINT (-82.7717 28.1646)"
715,762,"42.9778","-81.2467","RANGE_INTERPOLATED","POINT (-81.2467 42.9778)"
1033,1094,"59.3014","24.6679","RANGE_INTERPOLATED","POINT (24.6679 59.3014)"
716,763,"48.3917","-122.495","ROOFTOP","POINT (-122.495 48.3917)"
1034,1095,"29.4241","-98.4936","APPROXIMATE","POINT (-98.4936 29.4241)"
717,764,"40.4194","-86.89","ROOFTOP","POINT (-86.89 40.4194)"
1035,1096,"52.7069","-2.787","RANGE_INTERPOLATED","POINT (-2.787 52.7069)"
718,765,"38.2724","-122.662","ROOFTOP","POINT (-122.662 38.2724)"
719,766,"43.1706","-89.9324","RANGE_INTERPOLATED","POINT (-89.9324 43.1706)"
1036,1097,"40.7626","-111.895","RANGE_INTERPOLATED","POINT (-111.895 40.7626)"
720,767,"44.2829","-73.9813","ROOFTOP","POINT (-73.9813 44.2829)"
1037,1098,"21.3069","-157.858","APPROXIMATE","POINT (-157.858 21.3069)"
721,768,"46.7611","-92.1319","RANGE_INTERPOLATED","POINT (-92.1319 46.7611)"
1038,1099,"53.8834","-1.2625","GEOMETRIC_CENTER","POINT (-1.2625 53.8834)"
722,769,"43.0547","-87.9053","ROOFTOP","POINT (-87.9053 43.0547)"
1039,1100,"32.7922","-117.099","ROOFTOP","POINT (-117.099 32.7922)"
723,771,"40.0438","-76.2984","ROOFTOP","POINT (-76.2984 40.0438)"
1040,1101,"33.1345","-117.191","ROOFTOP","POINT (-117.191 33.1345)"
724,772,"54.8229","-1.7457","APPROXIMATE","POINT (-1.7457 54.8229)"
1041,1102,"14.5833","120.967","APPROXIMATE","POINT (120.967 14.5833)"
725,773,"48.014","-115.011","RANGE_INTERPOLATED","POINT (-115.011 48.014)"
1042,1103,"44.2929","-90.8511","RANGE_INTERPOLATED","POINT (-90.8511 44.2929)"
726,774,"40.3212","-79.3795","APPROXIMATE","POINT (-79.3795 40.3212)"
1043,1104,"39.7557","-104.993","RANGE_INTERPOLATED","POINT (-104.993 39.7557)"
727,775,"48.3003","-116.538","ROOFTOP","POINT (-116.538 48.3003)"
1044,1105,"44.8007","-106.956","RANGE_INTERPOLATED","POINT (-106.956 44.8007)"
728,776,"30.3764","-89.4497","ROOFTOP","POINT (-89.4497 30.3764)"
1045,1106,"34.4166","-119.696","ROOFTOP","POINT (-119.696 34.4166)"
729,777,"45.5181","-73.5642","RANGE_INTERPOLATED","POINT (-73.5642 45.5181)"
1046,1107,"36.9741","-122.031","APPROXIMATE","POINT (-122.031 36.9741)"
730,778,"33.4577","-117.589","ROOFTOP","POINT (-117.589 33.4577)"
731,779,"40.1587","-105.113","RANGE_INTERPOLATED","POINT (-105.113 40.1587)"
1047,1108,"35.5966","-106.052","ROOFTOP","POINT (-106.052 35.5966)"
732,780,"40.3256","-75.9283","RANGE_INTERPOLATED","POINT (-75.9283 40.3256)"
1048,1109,"38.4405","-122.714","APPROXIMATE","POINT (-122.714 38.4405)"
733,781,"44.5534","-88.0977","ROOFTOP","POINT (-88.0977 44.5534)"
1049,1111,"52.5435","-2.1156","APPROXIMATE","POINT (-2.1156 52.5435)"
734,782,"33.4484","-112.074","APPROXIMATE","POINT (-112.074 33.4484)"
1050,1112,"45.4207","-122.671","APPROXIMATE","POINT (-122.671 45.4207)"
735,783,"46.5977","-112.037","ROOFTOP","POINT (-112.037 46.5977)"
1052,1113,"-34.1855","150.607","APPROXIMATE","POINT (150.607 -34.1855)"
736,784,"33.7187","-78.8831","RANGE_INTERPOLATED","POINT (-78.8831 33.7187)"
1053,1114,"50.0224","10.83","ROOFTOP","POINT (10.83 50.0224)"
737,785,"50.5208","8.8166","APPROXIMATE","POINT (8.8166 50.5208)"
1054,1115,"47.9904","13.9238","ROOFTOP","POINT (13.9238 47.9904)"
738,786,"50.9649","3.422","RANGE_INTERPOLATED","POINT (3.422 50.9649)"
1055,1116,"47.4097","9.7514","ROOFTOP","POINT (9.7514 47.4097)"
739,787,"45.0565","-92.8222","APPROXIMATE","POINT (-92.8222 45.0565)"
740,788,"48.4358","-123.396","RANGE_INTERPOLATED","POINT (-123.396 48.4358)"
741,789,"45.7786","-111.179","APPROXIMATE","POINT (-111.179 45.7786)"
1056,1118,"32.803","-96.7699","APPROXIMATE","POINT (-96.7699 32.803)"
742,790,"-39.6275","176.854","ROOFTOP","POINT (176.854 -39.6275)"
1057,1119,"37.9669","-121.783","RANGE_INTERPOLATED","POINT (-121.783 37.9669)"
743,791,"38.7548","-9.1883","APPROXIMATE","POINT (-9.1883 38.7548)"
1058,1120,"48.004","9.6584","ROOFTOP","POINT (9.6584 48.004)"
744,792,"41.2557","-75.8583","RANGE_INTERPOLATED","POINT (-75.8583 41.2557)"
1059,1121,"45.1279","-76.13","RANGE_INTERPOLATED","POINT (-76.13 45.1279)"
745,793,"-33.8687","151.217","APPROXIMATE","POINT (151.217 -33.8687)"
1060,1122,"40.8918","-76.7975","APPROXIMATE","POINT (-76.7975 40.8918)"
746,794,"39.1456","-84.4741","ROOFTOP","POINT (-84.4741 39.1456)"
1061,1123,"55.9465","-3.2485","RANGE_INTERPOLATED","POINT (-3.2485 55.9465)"
747,795,"39.1836","-96.5717","APPROXIMATE","POINT (-96.5717 39.1836)"
1062,1124,"47.9975","-122.214","RANGE_INTERPOLATED","POINT (-122.214 47.9975)"
748,796,"-32.0597","115.745","ROOFTOP","POINT (115.745 -32.0597)"
1063,1125,"44.7974","-68.77","RANGE_INTERPOLATED","POINT (-68.77 44.7974)"
749,797,"30.2541","-97.7055","ROOFTOP","POINT (-97.7055 30.2541)"
750,798,"45.9172","-89.2443","APPROXIMATE","POINT (-89.2443 45.9172)"
1064,1126,"36.9676","-122.008","ROOFTOP","POINT (-122.008 36.9676)"
751,799,"49.6206","14.3837","APPROXIMATE","POINT (14.3837 49.6206)"
1065,1127,"35.6631","-105.966","RANGE_INTERPOLATED","POINT (-105.966 35.6631)"
752,800,"44.8516","-90.3165","APPROXIMATE","POINT (-90.3165 44.8516)"
1066,1128,"40.801","-76.8614","ROOFTOP","POINT (-76.8614 40.801)"
753,801,"43.5882","-72.6563","APPROXIMATE","POINT (-72.6563 43.5882)"
1067,1129,"36.7582","-119.802","ROOFTOP","POINT (-119.802 36.7582)"
754,802,"40.7843","-74.78","RANGE_INTERPOLATED","POINT (-74.78 40.7843)"
1068,1130,"49.1487","-122.912","APPROXIMATE","POINT (-122.912 49.1487)"
755,803,"40.8032","-124.165","ROOFTOP","POINT (-124.165 40.8032)"
1069,1131,"20.8947","-156.47","APPROXIMATE","POINT (-156.47 20.8947)"
756,805,"43.7379","-79.5714","APPROXIMATE","POINT (-79.5714 43.7379)"
1070,1132,"51.3169","0.8921","RANGE_INTERPOLATED","POINT (0.8921 51.3169)"
757,806,"47.3642","8.5245","ROOFTOP","POINT (8.5245 47.3642)"
1071,1133,"44.9133","-93.5033","APPROXIMATE","POINT (-93.5033 44.9133)"
758,807,"56.1073","-3.7528","APPROXIMATE","POINT (-3.7528 56.1073)"
1072,1134,"40.5684","-75.0954","ROOFTOP","POINT (-75.0954 40.5684)"
759,808,"41.0677","-85.1524","RANGE_INTERPOLATED","POINT (-85.1524 41.0677)"
1073,1135,"45.0495","-87.2802","RANGE_INTERPOLATED","POINT (-87.2802 45.0495)"
760,809,"41.3145","-81.8357","APPROXIMATE","POINT (-81.8357 41.3145)"
1074,1136,"43.6619","-70.2489","RANGE_INTERPOLATED","POINT (-70.2489 43.6619)"
761,810,"40.879","-123.993","ROOFTOP","POINT (-123.993 40.879)"
1075,1137,"37.7749","-122.419","APPROXIMATE","POINT (-122.419 37.7749)"
762,811,"40.8786","-123.992","RANGE_INTERPOLATED","POINT (-123.992 40.8786)"
1076,1138,"37.7481","-122.419","RANGE_INTERPOLATED","POINT (-122.419 37.7481)"
763,812,"44.4284","-73.2131","ROOFTOP","POINT (-73.2131 44.4284)"
1077,1139,"44.9763","-85.2104","ROOFTOP","POINT (-85.2104 44.9763)"
764,813,"37.7702","-122.445","RANGE_INTERPOLATED","POINT (-122.445 37.7702)"
1078,1140,"8.4841","-13.2287","APPROXIMATE","POINT (-13.2287 8.4841)"
765,814,"45.5001","-122.431","RANGE_INTERPOLATED","POINT (-122.431 45.5001)"
1079,1141,"25.6811","-100.363","RANGE_INTERPOLATED","POINT (-100.363 25.6811)"
766,815,"37.543","-77.4691","APPROXIMATE","POINT (-77.4691 37.543)"
1080,1142,"39.7246","-121.816","ROOFTOP","POINT (-121.816 39.7246)"
767,816,"33.8835","-117.565","RANGE_INTERPOLATED","POINT (-117.565 33.8835)"
1081,1143,"44.722","-123.918","RANGE_INTERPOLATED","POINT (-123.918 44.722)"
768,817,"32.803","-96.7699","APPROXIMATE","POINT (-96.7699 32.803)"
1082,1144,"64.9583","-147.622","ROOFTOP","POINT (-147.622 64.9583)"
769,818,"36.1755","-115.145","ROOFTOP","POINT (-115.145 36.1755)"
1083,1145,"38.5243","-122.497","RANGE_INTERPOLATED","POINT (-122.497 38.5243)"
770,819,"49.8928","10.9131","ROOFTOP","POINT (10.9131 49.8928)"
1084,1146,"47.5814","9.9191","APPROXIMATE","POINT (9.9191 47.5814)"
771,820,"-33.8867","151.174","RANGE_INTERPOLATED","POINT (151.174 -33.8867)"
1085,1147,"43.55","-96.7003","APPROXIMATE","POINT (-96.7003 43.55)"
772,821,"43.2167","-87.924","RANGE_INTERPOLATED","POINT (-87.924 43.2167)"
1086,1148,"40.9491","-124.102","RANGE_INTERPOLATED","POINT (-124.102 40.9491)"
773,822,"37.6484","-118.983","RANGE_INTERPOLATED","POINT (-118.983 37.6484)"
1087,1149,"40.674","-74.0118","ROOFTOP","POINT (-74.0118 40.674)"
774,823,"40.0236","-75.2202","ROOFTOP","POINT (-75.2202 40.0236)"
1088,901,"37.244","-107.879","ROOFTOP","POINT (-107.879 37.244)"
775,824,"33.8844","-118.411","ROOFTOP","POINT (-118.411 33.8844)"
1089,1151,"48.4192","-122.335","ROOFTOP","POINT (-122.335 48.4192)"
776,825,"35.0928","-106.647","ROOFTOP","POINT (-106.647 35.0928)"
1090,1152,"18.88","72.94","APPROXIMATE","POINT (72.94 18.88)"
777,826,"30.3617","-81.6966","APPROXIMATE","POINT (-81.6966 30.3617)"
1091,1153,"44.7403","-88.4448","APPROXIMATE","POINT (-88.4448 44.7403)"
778,827,"37.9479","-122.511","RANGE_INTERPOLATED","POINT (-122.511 37.9479)"
1092,1154,"43.487","-80.2068","RANGE_INTERPOLATED","POINT (-80.2068 43.487)"
779,828,"49.2055","-122.978","RANGE_INTERPOLATED","POINT (-122.978 49.2055)"
1093,1155,"61.2196","-149.896","RANGE_INTERPOLATED","POINT (-149.896 61.2196)"
780,829,"47.6637","-122.377","ROOFTOP","POINT (-122.377 47.6637)"
1094,1156,"59.8544","17.6627","ROOFTOP","POINT (17.6627 59.8544)"
781,830,"46.5431","-87.3929","RANGE_INTERPOLATED","POINT (-87.3929 46.5431)"
1095,1157,"40.1298","-75.5499","ROOFTOP","POINT (-75.5499 40.1298)"
782,831,"36.152","-95.9647","RANGE_INTERPOLATED","POINT (-95.9647 36.152)"
1096,1158,"40.1943","-75.534","RANGE_INTERPOLATED","POINT (-75.534 40.1943)"
1097,1159,"35.9657","-83.9181","ROOFTOP","POINT (-83.9181 35.9657)"
1098,1160,"43.0325","-70.7948","RANGE_INTERPOLATED","POINT (-70.7948 43.0325)"
1099,1161,"43.4768","-110.765","RANGE_INTERPOLATED","POINT (-110.765 43.4768)"
1100,1162,"46.3284","-120.008","ROOFTOP","POINT (-120.008 46.3284)"
1101,1163,"37.9841","-120.382","APPROXIMATE","POINT (-120.382 37.9841)"
1102,1164,"43.6326","-116.275","ROOFTOP","POINT (-116.275 43.6326)"
1103,1165,"34.0701","-106.893","ROOFTOP","POINT (-106.893 34.0701)"
1104,1166,"33.7268","-111.853","RANGE_INTERPOLATED","POINT (-111.853 33.7268)"
1105,1167,"-34.9111","138.575","ROOFTOP","POINT (138.575 -34.9111)"
1106,1168,"39.7323","-76.4496","RANGE_INTERPOLATED","POINT (-76.4496 39.7323)"
1107,1169,"46.5872","-90.8921","ROOFTOP","POINT (-90.8921 46.5872)"
1108,1170,"40.8903","-72.3927","ROOFTOP","POINT (-72.3927 40.8903)"
1109,1171,"32.7785","-79.9273","ROOFTOP","POINT (-79.9273 32.7785)"
1110,1172,"30.3489","-95.4427","RANGE_INTERPOLATED","POINT (-95.4427 30.3489)"
1111,1173,"42.1008","-79.3357","GEOMETRIC_CENTER","POINT (-79.3357 42.1008)"
1112,1175,"47.6959","-114.176","APPROXIMATE","POINT (-114.176 47.6959)"
1113,1177,"37.7387","-122.381","RANGE_INTERPOLATED","POINT (-122.381 37.7387)"
1114,1178,"40.5058","-96.707","RANGE_INTERPOLATED","POINT (-96.707 40.5058)"
1115,1179,"29.426","-97.1607","APPROXIMATE","POINT (-97.1607 29.426)"
1116,1180,"33.8575","-117.876","APPROXIMATE","POINT (-117.876 33.8575)"
783,832,"51.3175","9.4793","ROOFTOP","POINT (9.4793 51.3175)"
1117,1181,"43.1","-87.9198","ROOFTOP","POINT (-87.9198 43.1)"
784,833,"40.4234","-78.4339","APPROXIMATE","POINT (-78.4339 40.4234)"
1118,1182,"39.9525","-76.3295","ROOFTOP","POINT (-76.3295 39.9525)"
785,834,"35.0707","-78.9545","RANGE_INTERPOLATED","POINT (-78.9545 35.0707)"
1119,1183,"37.2079","-93.2955","RANGE_INTERPOLATED","POINT (-93.2955 37.2079)"
786,835,"-32.0232","115.754","ROOFTOP","POINT (115.754 -32.0232)"
1120,1184,"18.3368","-64.7281","APPROXIMATE","POINT (-64.7281 18.3368)"
787,836,"20.9721","-156.677","ROOFTOP","POINT (-156.677 20.9721)"
1121,1185,"36.7282","-76.5836","APPROXIMATE","POINT (-76.5836 36.7282)"
788,837,"41.6432","-83.5384","ROOFTOP","POINT (-83.5384 41.6432)"
1122,1186,"50.3416","-4.7883","RANGE_INTERPOLATED","POINT (-4.7883 50.3416)"
789,838,"40.1989","-98.0673","RANGE_INTERPOLATED","POINT (-98.0673 40.1989)"
1123,1187,"52.6538","-7.248","APPROXIMATE","POINT (-7.248 52.6538)"
790,839,"39.0534","-94.5919","RANGE_INTERPOLATED","POINT (-94.5919 39.0534)"
1124,1188,"49.802","11.0324","ROOFTOP","POINT (11.0324 49.802)"
791,840,"30.4181","-87.2024","ROOFTOP","POINT (-87.2024 30.4181)"
1125,1189,"53.3441","-6.2675","APPROXIMATE","POINT (-6.2675 53.3441)"
792,841,"39.8658","-75.5442","RANGE_INTERPOLATED","POINT (-75.5442 39.8658)"
1126,1190,"37.6417","-121.004","ROOFTOP","POINT (-121.004 37.6417)"
793,842,"47.8774","-122.211","RANGE_INTERPOLATED","POINT (-122.211 47.8774)"
1127,1192,"51.8486","5.8639","RANGE_INTERPOLATED","POINT (5.8639 51.8486)"
794,843,"51.7975","-0.0806","RANGE_INTERPOLATED","POINT (-0.0806 51.7975)"
1128,1193,"42.1976","-122.715","ROOFTOP","POINT (-122.715 42.1976)"
795,844,"51.4899","0.038","RANGE_INTERPOLATED","POINT (0.038 51.4899)"
1129,1194,"43.6414","-79.3869","RANGE_INTERPOLATED","POINT (-79.3869 43.6414)"
796,845,"47.6308","9.8889","ROOFTOP","POINT (9.8889 47.6308)"
1130,1195,"49.2849","-123.11","ROOFTOP","POINT (-123.11 49.2849)"
797,846,"19.706","-155.069","ROOFTOP","POINT (-155.069 19.706)"
1131,1196,"37.2724","-107.88","ROOFTOP","POINT (-107.88 37.2724)"
798,847,"38.9734","-123.116","RANGE_INTERPOLATED","POINT (-123.116 38.9734)"
1132,1197,"32.5007","-94.7405","APPROXIMATE","POINT (-94.7405 32.5007)"
799,848,"43.0831","-73.7846","APPROXIMATE","POINT (-73.7846 43.0831)"
1133,1198,"47.369","8.538","APPROXIMATE","POINT (8.538 47.369)"
800,849,"39.1326","-123.201","RANGE_INTERPOLATED","POINT (-123.201 39.1326)"
1134,1199,"35.994","-78.8986","APPROXIMATE","POINT (-78.8986 35.994)"
801,850,"42.6728","-70.844","ROOFTOP","POINT (-70.844 42.6728)"
1135,1200,"44.5104","-89.5734","ROOFTOP","POINT (-89.5734 44.5104)"
802,851,"41.975","-87.674","ROOFTOP","POINT (-87.674 41.975)"
1136,1201,"39.6318","-75.6628","RANGE_INTERPOLATED","POINT (-75.6628 39.6318)"
803,852,"42.2249","-121.782","APPROXIMATE","POINT (-121.782 42.2249)"
1137,1202,"47.8005","13.0444","APPROXIMATE","POINT (13.0444 47.8005)"
804,853,"42.6616","-84.1946","ROOFTOP","POINT (-84.1946 42.6616)"
1138,1203,"39.2904","-76.6122","APPROXIMATE","POINT (-76.6122 39.2904)"
805,854,"42.2872","-87.9538","ROOFTOP","POINT (-87.9538 42.2872)"
1139,1204,"33.1157","-117.12","ROOFTOP","POINT (-117.12 33.1157)"
806,855,"43.0389","-87.9065","APPROXIMATE","POINT (-87.9065 43.0389)"
807,856,"51.1028","4.7269","RANGE_INTERPOLATED","POINT (4.7269 51.1028)"
1140,1205,"44.2536","-88.4037","RANGE_INTERPOLATED","POINT (-88.4037 44.2536)"
1141,1206,"41.8072","-91.4941","APPROXIMATE","POINT (-91.4941 41.8072)"
808,857,"43.0508","-76.1617","ROOFTOP","POINT (-76.1617 43.0508)"
1142,1207,"43.71","-70.305","RANGE_INTERPOLATED","POINT (-70.305 43.71)"
809,858,"61.1473","-149.844","ROOFTOP","POINT (-149.844 61.1473)"
1143,1208,"44.1972","-72.5019","ROOFTOP","POINT (-72.5019 44.1972)"
810,860,"35.3","-106.551","APPROXIMATE","POINT (-106.551 35.3)"
1144,1209,"42.3372","-83.0186","ROOFTOP","POINT (-83.0186 42.3372)"
811,861,"46.0697","-118.336","RANGE_INTERPOLATED","POINT (-118.336 46.0697)"
1145,1210,"49.2821","-123.07","RANGE_INTERPOLATED","POINT (-123.07 49.2821)"
812,862,"39.612","-105.019","ROOFTOP","POINT (-105.019 39.612)"
1146,1211,"40.2369","-76.072","RANGE_INTERPOLATED","POINT (-76.072 40.2369)"
813,863,"43.0445","-87.9626","ROOFTOP","POINT (-87.9626 43.0445)"
1147,1212,"43.0389","-87.9065","APPROXIMATE","POINT (-87.9065 43.0389)"
814,864,"42.0855","-88.1411","RANGE_INTERPOLATED","POINT (-88.1411 42.0855)"
815,865,"41.7972","-91.8652","RANGE_INTERPOLATED","POINT (-91.8652 41.7972)"
1148,1213,"54.3906","-5.6548","APPROXIMATE","POINT (-5.6548 54.3906)"
816,866,"42.9945","-71.4674","ROOFTOP","POINT (-71.4674 42.9945)"
1149,1214,"41.4277","-78.5539","RANGE_INTERPOLATED","POINT (-78.5539 41.4277)"
817,867,"43.0334","-87.9093","ROOFTOP","POINT (-87.9093 43.0334)"
1150,1215,"27.9494","-82.4651","APPROXIMATE","POINT (-82.4651 27.9494)"
818,868,"42.6001","-89.6422","RANGE_INTERPOLATED","POINT (-89.6422 42.6001)"
1151,1216,"44.8342","-87.377","APPROXIMATE","POINT (-87.377 44.8342)"
819,869,"44.9732","-93.2479","ROOFTOP","POINT (-93.2479 44.9732)"
1152,1218,"38.5472","-121.726","ROOFTOP","POINT (-121.726 38.5472)"
820,870,"44.9442","-93.0861","APPROXIMATE","POINT (-93.0861 44.9442)"
821,871,"45.8722","-89.7097","RANGE_INTERPOLATED","POINT (-89.7097 45.8722)"
1153,1219,"43.3152","-83.7314","RANGE_INTERPOLATED","POINT (-83.7314 43.3152)"
822,872,"41.6931","-86.1818","RANGE_INTERPOLATED","POINT (-86.1818 41.6931)"
1154,1220,"44.9139","-93.1396","ROOFTOP","POINT (-93.1396 44.9139)"
823,873,"49.1323","-122.343","RANGE_INTERPOLATED","POINT (-122.343 49.1323)"
1155,1221,"45.0429","-93.3246","ROOFTOP","POINT (-93.3246 45.0429)"
824,874,"40.687","-73.708","GEOMETRIC_CENTER","POINT (-73.708 40.687)"
1156,1222,"-32.0638","115.912","ROOFTOP","POINT (115.912 -32.0638)"
825,875,"38.5657","-109.55","RANGE_INTERPOLATED","POINT (-109.55 38.5657)"
1157,1223,"39.0324","-77.4097","RANGE_INTERPOLATED","POINT (-77.4097 39.0324)"
826,876,"35.2156","-111.59","RANGE_INTERPOLATED","POINT (-111.59 35.2156)"
1158,1224,"33.8087","-84.3813","ROOFTOP","POINT (-84.3813 33.8087)"
827,877,"47.4123","9.7443","ROOFTOP","POINT (9.7443 47.4123)"
1159,1225,"42.8666","-106.313","APPROXIMATE","POINT (-106.313 42.8666)"
828,878,"43.6706","-79.3824","ROOFTOP","POINT (-79.3824 43.6706)"
1160,1226,"38.8289","-77.4393","RANGE_INTERPOLATED","POINT (-77.4393 38.8289)"
829,879,"45.7822","-108.506","RANGE_INTERPOLATED","POINT (-108.506 45.7822)"
1161,1227,"43.3906","-79.8049","RANGE_INTERPOLATED","POINT (-79.8049 43.3906)"
830,880,"36.1286","-115.171","APPROXIMATE","POINT (-115.171 36.1286)"
1162,1229,"32.8091","-79.875","GEOMETRIC_CENTER","POINT (-79.875 32.8091)"
831,881,"-42.4505","171.207","GEOMETRIC_CENTER","POINT (171.207 -42.4505)"
1163,1230,"40.1672","-105.102","APPROXIMATE","POINT (-105.102 40.1672)"
832,882,"32.081","-81.0915","RANGE_INTERPOLATED","POINT (-81.0915 32.081)"
1164,1231,"43.6113","-116.206","ROOFTOP","POINT (-116.206 43.6113)"
833,883,"38.498","-122.78","APPROXIMATE","POINT (-122.78 38.498)"
1165,1232,"32.7732","-117.055","ROOFTOP","POINT (-117.055 32.7732)"
834,884,"53.7864","-2.2694","RANGE_INTERPOLATED","POINT (-2.2694 53.7864)"
835,885,"61.1902","-149.869","ROOFTOP","POINT (-149.869 61.1902)"
1166,1233,"25.026","121.472","APPROXIMATE","POINT (121.472 25.026)"
836,886,"45.2567","-66.096","RANGE_INTERPOLATED","POINT (-66.096 45.2567)"
1167,1234,"27.9607","-82.4433","ROOFTOP","POINT (-82.4433 27.9607)"
837,887,"45.2578","-66.0984","RANGE_INTERPOLATED","POINT (-66.0984 45.2578)"
1168,1235,"43.8014","-91.2396","APPROXIMATE","POINT (-91.2396 43.8014)"
838,888,"43.5907","-89.7939","RANGE_INTERPOLATED","POINT (-89.7939 43.5907)"
1169,1236,"41.8358","-88.0091","RANGE_INTERPOLATED","POINT (-88.0091 41.8358)"
839,889,"55.0167","-1.4925","GEOMETRIC_CENTER","POINT (-1.4925 55.0167)"
1170,1237,"49.3238","-123.102","RANGE_INTERPOLATED","POINT (-123.102 49.3238)"
840,890,"51.6701","-1.285","APPROXIMATE","POINT (-1.285 51.6701)"
1171,1238,"32.7153","-117.157","APPROXIMATE","POINT (-117.157 32.7153)"
841,891,"40.019","-105.275","ROOFTOP","POINT (-105.275 40.019)"
1172,1240,"36.2154","-115.251","ROOFTOP","POINT (-115.251 36.2154)"
842,892,"38.0941","-122.557","ROOFTOP","POINT (-122.557 38.0941)"
1173,1241,"55.8593","-4.2324","RANGE_INTERPOLATED","POINT (-4.2324 55.8593)"
1174,1242,"45.4192","-117.272","RANGE_INTERPOLATED","POINT (-117.272 45.4192)"
1175,1243,"33.9459","-83.4105","ROOFTOP","POINT (-83.4105 33.9459)"
3,3,"50.7668","4.3081","RANGE_INTERPOLATED","POINT (4.3081 50.7668)"
1176,1244,"44.3372","-72.756","ROOFTOP","POINT (-72.756 44.3372)"
4,4,"59.7451","10.2135","APPROXIMATE","POINT (10.2135 59.7451)"
1177,1245,"40.8959","-73.3811","ROOFTOP","POINT (-73.3811 40.8959)"
5,5,"50.2606","4.9122","APPROXIMATE","POINT (4.9122 50.2606)"
1178,1246,"33.8614","-117.88","RANGE_INTERPOLATED","POINT (-117.88 33.8614)"
6,6,"50.3093","4.7646","GEOMETRIC_CENTER","POINT (4.7646 50.3093)"
1179,1247,"41.9658","-72.793","ROOFTOP","POINT (-72.793 41.9658)"
7,7,"50.1999","5.2277","RANGE_INTERPOLATED","POINT (5.2277 50.1999)"
8,8,"41.2225","-77.0369","RANGE_INTERPOLATED","POINT (-77.0369 41.2225)"
9,9,"41.4392","-87.1078","RANGE_INTERPOLATED","POINT (-87.1078 41.4392)"
331,356,"30.2672","-97.7431","APPROXIMATE","POINT (-97.7431 30.2672)"
10,10,"30.5049","-89.944","APPROXIMATE","POINT (-89.944 30.5049)"
332,357,"49.1873","-122.85","ROOFTOP","POINT (-122.85 49.1873)"
11,11,"52.3277","1.6802","APPROXIMATE","POINT (1.6802 52.3277)"
333,358,"44.4419","-89.2797","ROOFTOP","POINT (-89.2797 44.4419)"
12,12,"50.9699","4.1892","APPROXIMATE","POINT (4.1892 50.9699)"
334,359,"14.6133","-90.5353","APPROXIMATE","POINT (-90.5353 14.6133)"
13,13,"49.7652","-97.1539","APPROXIMATE","POINT (-97.1539 49.7652)"
335,360,"25.7091","-100.314","RANGE_INTERPOLATED","POINT (-100.314 25.7091)"
14,14,"41.2603","-96.0903","RANGE_INTERPOLATED","POINT (-96.0903 41.2603)"
336,363,"-32.8902","-68.844","APPROXIMATE","POINT (-68.844 -32.8902)"
15,15,"47.8781","10.6161","ROOFTOP","POINT (10.6161 47.8781)"
337,364,"37.4316","-78.6569","APPROXIMATE","POINT (-78.6569 37.4316)"
16,16,"45.5484","-122.619","ROOFTOP","POINT (-122.619 45.5484)"
339,367,"19.7219","-101.225","RANGE_INTERPOLATED","POINT (-101.225 19.7219)"
17,17,"58.3573","-134.49","ROOFTOP","POINT (-134.49 58.3573)"
340,368,"-25.1688","-50.1298","GEOMETRIC_CENTER","POINT (-50.1298 -25.1688)"
18,20,"43.1257","-89.3253","RANGE_INTERPOLATED","POINT (-89.3253 43.1257)"
19,21,"32.892","-117.144","ROOFTOP","POINT (-117.144 32.892)"
341,369,"-26.8914","-49.1223","GEOMETRIC_CENTER","POINT (-49.1223 -26.8914)"
20,22,"21.3069","-157.858","APPROXIMATE","POINT (-157.858 21.3069)"
342,370,"37.1875","-3.6018","GEOMETRIC_CENTER","POINT (-3.6018 37.1875)"
21,23,"43.7028","-70.3166","RANGE_INTERPOLATED","POINT (-70.3166 43.7028)"
343,371,"35.14","-106.6","ROOFTOP","POINT (-106.6 35.14)"
22,24,"43.7028","-70.3166","RANGE_INTERPOLATED","POINT (-70.3166 43.7028)"
344,372,"52.1321","-0.4815","GEOMETRIC_CENTER","POINT (-0.4815 52.1321)"
23,25,"40.6016","-75.474","RANGE_INTERPOLATED","POINT (-75.474 40.6016)"
345,373,"28.2126","-80.6734","ROOFTOP","POINT (-80.6734 28.2126)"
24,26,"47.7487","10.5694","ROOFTOP","POINT (10.5694 47.7487)"
346,374,"40.7457","-74.0086","GEOMETRIC_CENTER","POINT (-74.0086 40.7457)"
25,26,"47.7237","10.3141","ROOFTOP","POINT (10.3141 47.7237)"
347,375,"44.8342","-87.377","APPROXIMATE","POINT (-87.377 44.8342)"
26,28,"38.0501","-84.5088","RANGE_INTERPOLATED","POINT (-84.5088 38.0501)"
348,376,"39.8023","-105.084","ROOFTOP","POINT (-105.084 39.8023)"
27,29,"32.8355","-116.765","RANGE_INTERPOLATED","POINT (-116.765 32.8355)"
349,377,"36.1476","-115.298","ROOFTOP","POINT (-115.298 36.1476)"
28,30,"48.3457","8.4031","ROOFTOP","POINT (8.4031 48.3457)"
350,378,"50.0355","4.3777","GEOMETRIC_CENTER","POINT (4.3777 50.0355)"
29,31,"50.919","3.2632","RANGE_INTERPOLATED","POINT (3.2632 50.919)"
351,379,"27.9587","-82.5093","ROOFTOP","POINT (-82.5093 27.9587)"
30,32,"41.7605","-88.309","ROOFTOP","POINT (-88.309 41.7605)"
31,33,"38.8966","-121.077","APPROXIMATE","POINT (-121.077 38.8966)"
32,34,"39.1551","-94.482","RANGE_INTERPOLATED","POINT (-94.482 39.1551)"
33,35,"42.3763","-72.5199","RANGE_INTERPOLATED","POINT (-72.5199 42.3763)"
34,36,"38.535","-105.992","ROOFTOP","POINT (-105.992 38.535)"
352,380,"39.7684","-86.158","APPROXIMATE","POINT (-86.158 39.7684)"
35,37,"52.3738","4.8909","APPROXIMATE","POINT (4.8909 52.3738)"
36,38,"48.5193","-122.613","RANGE_INTERPOLATED","POINT (-122.613 48.5193)"
353,339,"43.8042","-91.2526","ROOFTOP","POINT (-91.2526 43.8042)"
37,39,"37.7635","-122.401","ROOFTOP","POINT (-122.401 37.7635)"
354,382,"33.8575","-117.876","APPROXIMATE","POINT (-117.876 33.8575)"
38,40,"47.9775","11.185","ROOFTOP","POINT (11.185 47.9775)"
355,383,"41.4995","-81.6994","ROOFTOP","POINT (-81.6994 41.4995)"
39,41,"39.0014","-123.356","ROOFTOP","POINT (-123.356 39.0014)"
356,384,"40.6598","-74.283","ROOFTOP","POINT (-74.283 40.6598)"
40,42,"44.3516","-69.1401","RANGE_INTERPOLATED","POINT (-69.1401 44.3516)"
357,385,"39.2308","-76.6751","ROOFTOP","POINT (-76.6751 39.2308)"
41,43,"43.0785","-89.382","APPROXIMATE","POINT (-89.382 43.0785)"
358,386,"50.9401","6.957","ROOFTOP","POINT (6.957 50.9401)"
42,44,"38.5983","-90.209","RANGE_INTERPOLATED","POINT (-90.209 38.5983)"
359,387,"35.2205","-97.4439","ROOFTOP","POINT (-97.4439 35.2205)"
43,45,"40.2659","-76.8753","ROOFTOP","POINT (-76.8753 40.2659)"
360,388,"30.396","-88.8853","APPROXIMATE","POINT (-88.8853 30.396)"
44,46,"44.2619","-88.4154","APPROXIMATE","POINT (-88.4154 44.2619)"
45,47,"42.322","-85.1851","RANGE_INTERPOLATED","POINT (-85.1851 42.322)"
46,49,"53.3433","-6.2846","APPROXIMATE","POINT (-6.2846 53.3433)"
47,51,"35.6221","-82.5536","ROOFTOP","POINT (-82.5536 35.6221)"
48,54,"33.818","-84.4353","ROOFTOP","POINT (-84.4353 33.818)"
49,55,"44.3996","-68.334","ROOFTOP","POINT (-68.334 44.3996)"
50,56,"42.3372","-83.0186","ROOFTOP","POINT (-83.0186 42.3372)"
51,57,"44.2896","-94.449","RANGE_INTERPOLATED","POINT (-94.449 44.2896)"
52,58,"44.2896","-94.449","RANGE_INTERPOLATED","POINT (-94.449 44.2896)"
53,59,"38.5702","-90.8802","RANGE_INTERPOLATED","POINT (-90.8802 38.5702)"
54,61,"-37.968","144.525","ROOFTOP","POINT (144.525 -37.968)"
55,62,"40.0166","-105.219","ROOFTOP","POINT (-105.219 40.0166)"
361,389,"37.0013","-121.566","ROOFTOP","POINT (-121.566 37.0013)"
56,1394,"35.6197","-78.8085","ROOFTOP","POINT (-78.8085 35.6197)"
58,63,"41.6124","-86.7268","RANGE_INTERPOLATED","POINT (-86.7268 41.6124)"
362,390,"37.978","-122.031","APPROXIMATE","POINT (-122.031 37.978)"
59,64,"39.5765","-106.094","RANGE_INTERPOLATED","POINT (-106.094 39.5765)"
363,391,"47.6745","-116.784","ROOFTOP","POINT (-116.784 47.6745)"
60,65,"44.0486","-91.6774","RANGE_INTERPOLATED","POINT (-91.6774 44.0486)"
364,392,"45.4582","-94.4291","RANGE_INTERPOLATED","POINT (-94.4291 45.4582)"
61,66,"44.4214","-84.1167","APPROXIMATE","POINT (-84.1167 44.4214)"
365,393,"42.417","-88.074","APPROXIMATE","POINT (-88.074 42.417)"
62,68,"32.7668","-117.195","ROOFTOP","POINT (-117.195 32.7668)"
366,394,"42.3584","-71.0598","APPROXIMATE","POINT (-71.0598 42.3584)"
63,69,"39.42","-76.54","APPROXIMATE","POINT (-76.54 39.42)"
367,396,"43.3177","-73.64","ROOFTOP","POINT (-73.64 43.3177)"
64,70,"49.8901","10.9067","ROOFTOP","POINT (10.9067 49.8901)"
368,397,"-34.8727","138.573","ROOFTOP","POINT (138.573 -34.8727)"
65,71,"44.1636","-93.9994","APPROXIMATE","POINT (-93.9994 44.1636)"
369,398,"42.5893","-74.9403","GEOMETRIC_CENTER","POINT (-74.9403 42.5893)"
66,72,"44.3875","-68.2046","RANGE_INTERPOLATED","POINT (-68.2046 44.3875)"
370,399,"39.7599","-105.219","ROOFTOP","POINT (-105.219 39.7599)"
67,73,"38.9169","-94.3943","ROOFTOP","POINT (-94.3943 38.9169)"
371,400,"37.7273","-89.2168","APPROXIMATE","POINT (-89.2168 37.7273)"
68,74,"48.3979","9.9899","ROOFTOP","POINT (9.9899 48.3979)"
372,401,"40.9222","-98.3581","APPROXIMATE","POINT (-98.3581 40.9222)"
69,75,"34.4702","-114.35","RANGE_INTERPOLATED","POINT (-114.35 34.4702)"
373,402,"40.8942","-77.1971","GEOMETRIC_CENTER","POINT (-77.1971 40.8942)"
70,76,"41.0523","-75.3354","APPROXIMATE","POINT (-75.3354 41.0523)"
374,403,"43.5323","-90.0099","ROOFTOP","POINT (-90.0099 43.5323)"
71,77,"40.0453","-86.0155","ROOFTOP","POINT (-86.0155 40.0453)"
375,404,"32.6976","-117.173","RANGE_INTERPOLATED","POINT (-117.173 32.6976)"
72,78,"45.036","-93.1984","ROOFTOP","POINT (-93.1984 45.036)"
376,405,"41.537","-71.2796","RANGE_INTERPOLATED","POINT (-71.2796 41.537)"
73,79,"39.9745","-83.049","ROOFTOP","POINT (-83.049 39.9745)"
377,406,"53.8846","-1.2652","APPROXIMATE","POINT (-1.2652 53.8846)"
74,80,"39.9719","-83.0027","ROOFTOP","POINT (-83.0027 39.9719)"
378,407,"41.5855","-93.621","ROOFTOP","POINT (-93.621 41.5855)"
75,81,"36.0721","-115.075","ROOFTOP","POINT (-115.075 36.0721)"
379,408,"44.0886","-87.6576","ROOFTOP","POINT (-87.6576 44.0886)"
76,82,"47.5203","-122.312","RANGE_INTERPOLATED","POINT (-122.312 47.5203)"
380,409,"40.2795","-75.2143","RANGE_INTERPOLATED","POINT (-75.2143 40.2795)"
77,83,"39.1136","-84.526","RANGE_INTERPOLATED","POINT (-84.526 39.1136)"
381,410,"40.4313","-104.688","RANGE_INTERPOLATED","POINT (-104.688 40.4313)"
78,84,"39.9767","-74.1829","RANGE_INTERPOLATED","POINT (-74.1829 39.9767)"
382,411,"34.1696","-118.159","ROOFTOP","POINT (-118.159 34.1696)"
79,85,"52.8046","-1.6281","RANGE_INTERPOLATED","POINT (-1.6281 52.8046)"
383,412,"40.8069","-96.6817","APPROXIMATE","POINT (-96.6817 40.8069)"
80,86,"10.9639","-74.7964","APPROXIMATE","POINT (-74.7964 10.9639)"
384,413,"29.9558","-90.0641","ROOFTOP","POINT (-90.0641 29.9558)"
81,87,"41.238","-77.0103","RANGE_INTERPOLATED","POINT (-77.0103 41.238)"
385,414,"38.8698","-106.987","RANGE_INTERPOLATED","POINT (-106.987 38.8698)"
82,1393,"44.1004","-70.2148","APPROXIMATE","POINT (-70.2148 44.1004)"
386,415,"40.8726","-74.2964","ROOFTOP","POINT (-74.2964 40.8726)"
387,416,"41.4995","-81.6954","APPROXIMATE","POINT (-81.6954 41.4995)"
83,88,"48.3952","11.7288","ROOFTOP","POINT (11.7288 48.3952)"
388,417,"40.6936","-89.589","APPROXIMATE","POINT (-89.589 40.6936)"
389,418,"54.2912","-0.8406","APPROXIMATE","POINT (-0.8406 54.2912)"
390,419,"43.1147","-89.6531","ROOFTOP","POINT (-89.6531 43.1147)"
391,420,"31.7291","-116.578","GEOMETRIC_CENTER","POINT (-116.578 31.7291)"
392,421,"41.8539","-88.2776","RANGE_INTERPOLATED","POINT (-88.2776 41.8539)"
84,89,"46.8726","-114.02","ROOFTOP","POINT (-114.02 46.8726)"
393,422,"38.2309","-85.7055","ROOFTOP","POINT (-85.7055 38.2309)"
394,423,"43.7076","-70.3149","RANGE_INTERPOLATED","POINT (-70.3149 43.7076)"
85,90,"38.2546","-85.7401","ROOFTOP","POINT (-85.7401 38.2546)"
395,424,"50.6059","3.3884","APPROXIMATE","POINT (3.3884 50.6059)"
86,91,"28.5383","-81.3792","APPROXIMATE","POINT (-81.3792 28.5383)"
396,425,"53.9999","-1.501","GEOMETRIC_CENTER","POINT (-1.501 53.9999)"
87,92,"37.7694","-122.51","ROOFTOP","POINT (-122.51 37.7694)"
397,426,"42.2667","-84.9641","RANGE_INTERPOLATED","POINT (-84.9641 42.2667)"
88,93,"51.897","-8.4769","GEOMETRIC_CENTER","POINT (-8.4769 51.897)"
398,427,"29.8994","-90.1004","APPROXIMATE","POINT (-90.1004 29.8994)"
89,94,"38.6112","-122.871","RANGE_INTERPOLATED","POINT (-122.871 38.6112)"
399,428,"51.4421","4.9232","RANGE_INTERPOLATED","POINT (4.9232 51.4421)"
90,96,"38.8916","-121.293","APPROXIMATE","POINT (-121.293 38.8916)"
400,429,"53.0606","5.5342","RANGE_INTERPOLATED","POINT (5.5342 53.0606)"
91,97,"44.4295","-68.975","RANGE_INTERPOLATED","POINT (-68.975 44.4295)"
401,430,"51.2026","3.2242","RANGE_INTERPOLATED","POINT (3.2242 51.2026)"
92,98,"55.997","-2.5098","GEOMETRIC_CENTER","POINT (-2.5098 55.997)"
402,431,"51.0811","3.3699","RANGE_INTERPOLATED","POINT (3.3699 51.0811)"
93,99,"17.4977","-88.1867","APPROXIMATE","POINT (-88.1867 17.4977)"
403,432,"51.1159","3.8158","RANGE_INTERPOLATED","POINT (3.8158 51.1159)"
94,100,"42.2843","-85.4538","ROOFTOP","POINT (-85.4538 42.2843)"
404,433,"50.9229","2.7518","GEOMETRIC_CENTER","POINT (2.7518 50.9229)"
405,434,"39.5584","-79.3528","APPROXIMATE","POINT (-79.3528 39.5584)"
95,101,"43.1947","-88.729","APPROXIMATE","POINT (-88.729 43.1947)"
406,435,"39.2904","-76.6122","APPROXIMATE","POINT (-76.6122 39.2904)"
96,102,"41.5059","-90.5171","RANGE_INTERPOLATED","POINT (-90.5171 41.5059)"
407,436,"32.7153","-117.157","APPROXIMATE","POINT (-117.157 32.7153)"
97,103,"52.4793","13.4293","ROOFTOP","POINT (13.4293 52.4793)"
408,437,"43.0481","-88.3553","ROOFTOP","POINT (-88.3553 43.0481)"
98,104,"52.5234","13.4114","APPROXIMATE","POINT (13.4114 52.5234)"
409,438,"38.2362","-122.64","RANGE_INTERPOLATED","POINT (-122.64 38.2362)"
99,106,"40.622","-75.382","RANGE_INTERPOLATED","POINT (-75.382 40.622)"
410,439,"44.3478","-87.8273","APPROXIMATE","POINT (-87.8273 44.3478)"
100,107,"40.1106","-88.2073","APPROXIMATE","POINT (-88.2073 40.1106)"
411,440,"39.7553","-104.997","ROOFTOP","POINT (-104.997 39.7553)"
101,108,"32.3293","-96.6253","APPROXIMATE","POINT (-96.6253 32.3293)"
412,441,"44.0474","-121.323","ROOFTOP","POINT (-121.323 44.0474)"
102,109,"51.5163","5.5977","RANGE_INTERPOLATED","POINT (5.5977 51.5163)"
413,442,"33.9858","-96.6515","GEOMETRIC_CENTER","POINT (-96.6515 33.9858)"
103,110,"51.544","5.1285","RANGE_INTERPOLATED","POINT (5.1285 51.544)"
414,443,"39.1361","-84.5031","APPROXIMATE","POINT (-84.5031 39.1361)"
104,111,"51.1684","6.0515","RANGE_INTERPOLATED","POINT (6.0515 51.1684)"
415,444,"34.7473","-92.2839","ROOFTOP","POINT (-92.2839 34.7473)"
416,445,"47.9485","-122.305","ROOFTOP","POINT (-122.305 47.9485)"
105,112,"37.7756","-122.398","ROOFTOP","POINT (-122.398 37.7756)"
417,446,"41.4995","-81.6954","APPROXIMATE","POINT (-81.6954 41.4995)"
106,113,"35.8104","-78.6179","ROOFTOP","POINT (-78.6179 35.8104)"
418,447,"46.7713","-123.007","ROOFTOP","POINT (-123.007 46.7713)"
107,114,"45.0223","-84.6826","GEOMETRIC_CENTER","POINT (-84.6826 45.0223)"
419,448,"51.5331","6.4213","ROOFTOP","POINT (6.4213 51.5331)"
108,115,"42.9634","-85.6681","APPROXIMATE","POINT (-85.6681 42.9634)"
420,449,"45.5228","-73.5928","ROOFTOP","POINT (-73.5928 45.5228)"
109,116,"36.2426","-115.236","ROOFTOP","POINT (-115.236 36.2426)"
421,450,"39.6282","-106.059","GEOMETRIC_CENTER","POINT (-106.059 39.6282)"
110,117,"45.7736","-111.172","RANGE_INTERPOLATED","POINT (-111.172 45.7736)"
422,452,"38.5405","-90.4607","ROOFTOP","POINT (-90.4607 38.5405)"
111,118,"42.1511","-87.9144","ROOFTOP","POINT (-87.9144 42.1511)"
423,453,"49.2766","-123.115","RANGE_INTERPOLATED","POINT (-123.115 49.2766)"
112,119,"49.1049","-122.69","APPROXIMATE","POINT (-122.69 49.1049)"
424,454,"29.9606","-90.0871","ROOFTOP","POINT (-90.0871 29.9606)"
113,120,"49.1344","-123.065","ROOFTOP","POINT (-123.065 49.1344)"
425,455,"39.7541","-105","APPROXIMATE","POINT (-105 39.7541)"
114,121,"50.9847","-113.956","ROOFTOP","POINT (-113.956 50.9847)"
115,122,"46.9223","-114.073","ROOFTOP","POINT (-114.073 46.9223)"
426,456,"39.9478","-75.2229","ROOFTOP","POINT (-75.2229 39.9478)"
116,123,"47.6576","-122.313","ROOFTOP","POINT (-122.313 47.6576)"
427,457,"49.2698","-123.132","RANGE_INTERPOLATED","POINT (-123.132 49.2698)"
117,124,"45.8981","-123.961","ROOFTOP","POINT (-123.961 45.8981)"
428,459,"38.7683","-75.3107","GEOMETRIC_CENTER","POINT (-75.3107 38.7683)"
118,125,"50.0943","8.6913","ROOFTOP","POINT (8.6913 50.0943)"
429,460,"51.5298","7.4692","ROOFTOP","POINT (7.4692 51.5298)"
119,127,"46.0597","13.2269","RANGE_INTERPOLATED","POINT (13.2269 46.0597)"
430,461,"39.8019","-105.514","APPROXIMATE","POINT (-105.514 39.8019)"
120,128,"44.5153","7.8922","RANGE_INTERPOLATED","POINT (7.8922 44.5153)"
431,462,"45.71","-121.515","ROOFTOP","POINT (-121.515 45.71)"
121,129,"44.6601","10.2814","RANGE_INTERPOLATED","POINT (10.2814 44.6601)"
432,463,"42.493","-82.9753","RANGE_INTERPOLATED","POINT (-82.9753 42.493)"
122,130,"37.8634","-122.259","ROOFTOP","POINT (-122.259 37.8634)"
433,464,"37.7176","-122.182","ROOFTOP","POINT (-122.182 37.7176)"
123,131,"49.974","6.5227","APPROXIMATE","POINT (6.5227 49.974)"
434,465,"47.4921","19.1422","RANGE_INTERPOLATED","POINT (19.1422 47.4921)"
435,466,"35.0845","-106.651","APPROXIMATE","POINT (-106.651 35.0845)"
124,132,"45.5235","-122.676","APPROXIMATE","POINT (-122.676 45.5235)"
436,467,"53.3441","-6.2675","APPROXIMATE","POINT (-6.2675 53.3441)"
125,133,"33.9132","-117.889","ROOFTOP","POINT (-117.889 33.9132)"
437,468,"42.5006","-90.6646","APPROXIMATE","POINT (-90.6646 42.5006)"
126,135,"41.8817","-87.6926","APPROXIMATE","POINT (-87.6926 41.8817)"
438,469,"35.6003","-77.5971","ROOFTOP","POINT (-77.5971 35.6003)"
127,136,"37.23","-80.41","APPROXIMATE","POINT (-80.41 37.23)"
439,470,"39.2807","-76.5944","ROOFTOP","POINT (-76.5944 39.2807)"
128,137,"36.152","-86.7989","ROOFTOP","POINT (-86.7989 36.152)"
440,471,"28.014","-82.7876","ROOFTOP","POINT (-82.7876 28.014)"
129,138,"38.8339","-104.821","APPROXIMATE","POINT (-104.821 38.8339)"
441,472,"41.7075","-86.895","APPROXIMATE","POINT (-86.895 41.7075)"
130,139,"45.5325","-122.686","APPROXIMATE","POINT (-122.686 45.5325)"
442,281,"51.2206","4.3997","APPROXIMATE","POINT (4.3997 51.2206)"
131,140,"39.1716","-86.5104","RANGE_INTERPOLATED","POINT (-86.5104 39.1716)"
443,474,"-45.0331","168.661","ROOFTOP","POINT (168.661 -45.0331)"
132,141,"43.0598","-89.3085","ROOFTOP","POINT (-89.3085 43.0598)"
444,401,"47.9454","-122.304","RANGE_INTERPOLATED","POINT (-122.304 47.9454)"
133,142,"41.5118","-90.5746","RANGE_INTERPOLATED","POINT (-90.5746 41.5118)"
445,476,"40.4553","-79.9043","ROOFTOP","POINT (-79.9043 40.4553)"
134,143,"35.0845","-106.651","APPROXIMATE","POINT (-106.651 35.0845)"
446,477,"38.7814","-76.2222","RANGE_INTERPOLATED","POINT (-76.2222 38.7814)"
135,144,"40.7591","-73.0215","ROOFTOP","POINT (-73.0215 40.7591)"
136,145,"34.8531","-82.3983","ROOFTOP","POINT (-82.3983 34.8531)"
447,478,"38.5725","-109.551","RANGE_INTERPOLATED","POINT (-109.551 38.5725)"
137,146,"38.253","-85.654","ROOFTOP","POINT (-85.654 38.253)"
448,480,"49.9211","9.0715","APPROXIMATE","POINT (9.0715 49.9211)"
449,481,"40.5793","-124.153","ROOFTOP","POINT (-124.153 40.5793)"
138,147,"44.1332","-73.0784","RANGE_INTERPOLATED","POINT (-73.0784 44.1332)"
450,482,"55.7558","37.6176","APPROXIMATE","POINT (37.6176 55.7558)"
139,148,"53.4807","-2.2344","APPROXIMATE","POINT (-2.2344 53.4807)"
451,483,"44.4489","-88.0604","APPROXIMATE","POINT (-88.0604 44.4489)"
140,149,"35.1584","-114.573","ROOFTOP","POINT (-114.573 35.1584)"
452,484,"51.8162","9.8643","ROOFTOP","POINT (9.8643 51.8162)"
141,150,"34.0532","-118.256","ROOFTOP","POINT (-118.256 34.0532)"
453,485,"37.978","-122.034","ROOFTOP","POINT (-122.034 37.978)"
142,151,"42.4311","-83.4833","APPROXIMATE","POINT (-83.4833 42.4311)"
454,487,"37.1553","-121.676","RANGE_INTERPOLATED","POINT (-121.676 37.1553)"
143,152,"13.7783","100.509","GEOMETRIC_CENTER","POINT (100.509 13.7783)"
455,489,"52.6643","0.1595","APPROXIMATE","POINT (0.1595 52.6643)"
144,153,"35.3733","-119.019","APPROXIMATE","POINT (-119.019 35.3733)"
456,490,"40.8911","-77.477","ROOFTOP","POINT (-77.477 40.8911)"
145,155,"35.0868","-89.8101","APPROXIMATE","POINT (-89.8101 35.0868)"
457,491,"38.4093","-121.363","ROOFTOP","POINT (-121.363 38.4093)"
146,156,"52.6739","14.9004","RANGE_INTERPOLATED","POINT (14.9004 52.6739)"
147,157,"42.3144","-71.1034","ROOFTOP","POINT (-71.1034 42.3144)"
458,492,"47.8099","-122.302","ROOFTOP","POINT (-122.302 47.8099)"
148,158,"42.347","-71.0989","ROOFTOP","POINT (-71.0989 42.347)"
459,493,"39.2684","-76.7994","ROOFTOP","POINT (-76.7994 39.2684)"
149,159,"42.8666","-109.866","RANGE_INTERPOLATED","POINT (-109.866 42.8666)"
460,494,"47.5604","-122.387","ROOFTOP","POINT (-122.387 47.5604)"
150,160,"40.0267","-105.248","ROOFTOP","POINT (-105.248 40.0267)"
461,495,"42.9324","-72.2867","RANGE_INTERPOLATED","POINT (-72.2867 42.9324)"
151,161,"39.0821","-94.5965","ROOFTOP","POINT (-94.5965 39.0821)"
462,496,"47.614","-122.316","ROOFTOP","POINT (-122.316 47.614)"
152,162,"48.7475","-122.481","RANGE_INTERPOLATED","POINT (-122.481 48.7475)"
463,497,"47.6688","-122.334","ROOFTOP","POINT (-122.334 47.6688)"
153,163,"45.4289","-73.6313","APPROXIMATE","POINT (-73.6313 45.4289)"
464,498,"-45.872","170.518","ROOFTOP","POINT (170.518 -45.872)"
154,164,"49.7185","5.5571","RANGE_INTERPOLATED","POINT (5.5571 49.7185)"
465,499,"37.8313","-122.285","APPROXIMATE","POINT (-122.285 37.8313)"
155,165,"50.4852","2.8306","APPROXIMATE","POINT (2.8306 50.4852)"
466,500,"42.0981","-88.2783","RANGE_INTERPOLATED","POINT (-88.2783 42.0981)"
156,166,"50.8431","3.6077","RANGE_INTERPOLATED","POINT (3.6077 50.8431)"
467,501,"40.8155","-96.7105","ROOFTOP","POINT (-96.7105 40.8155)"
157,167,"50.1507","5.7442","RANGE_INTERPOLATED","POINT (5.7442 50.1507)"
468,502,"43.5325","-90.0026","APPROXIMATE","POINT (-90.0026 43.5325)"
469,504,"47.256","-122.473","ROOFTOP","POINT (-122.473 47.256)"
158,168,"50.5593","4.1365","GEOMETRIC_CENTER","POINT (4.1365 50.5593)"
470,505,"36.6802","-121.804","ROOFTOP","POINT (-121.804 36.6802)"
159,170,"50.3693","3.827","GEOMETRIC_CENTER","POINT (3.827 50.3693)"
471,506,"-36.9489","174.821","APPROXIMATE","POINT (174.821 -36.9489)"
160,171,"50.5109","3.3883","RANGE_INTERPOLATED","POINT (3.3883 50.5109)"
472,507,"42.1112","-80.113","ROOFTOP","POINT (-80.113 42.1112)"
161,173,"49.9842","4.3111","RANGE_INTERPOLATED","POINT (4.3111 49.9842)"
473,508,"43.1147","-89.6531","ROOFTOP","POINT (-89.6531 43.1147)"
162,174,"50.3705","3.7263","RANGE_INTERPOLATED","POINT (3.7263 50.3705)"
474,509,"40.3707","-105.526","ROOFTOP","POINT (-105.526 40.3707)"
163,175,"50.7046","5.822","GEOMETRIC_CENTER","POINT (5.822 50.7046)"
475,510,"41.4559","-122.846","RANGE_INTERPOLATED","POINT (-122.846 41.4559)"
164,176,"50.7853","4.2437","RANGE_INTERPOLATED","POINT (4.2437 50.7853)"
476,511,"47.569","11.0942","ROOFTOP","POINT (11.0942 47.569)"
165,177,"50.7975","2.5412","RANGE_INTERPOLATED","POINT (2.5412 50.7975)"
477,512,"43.1045","-75.2452","ROOFTOP","POINT (-75.2452 43.1045)"
166,178,"50.2248","4.4102","APPROXIMATE","POINT (4.4102 50.2248)"
479,513,"47.6701","-122.118","APPROXIMATE","POINT (-122.118 47.6701)"
167,179,"50.6493","3.9242","ROOFTOP","POINT (3.9242 50.6493)"
480,514,"43.0844","-89.4761","RANGE_INTERPOLATED","POINT (-89.4761 43.0844)"
168,180,"-17.6797","-149.407","APPROXIMATE","POINT (-149.407 -17.6797)"
481,515,"37.387","-121.993","RANGE_INTERPOLATED","POINT (-121.993 37.387)"
169,182,"45.7075","5.9153","RANGE_INTERPOLATED","POINT (5.9153 45.7075)"
482,516,"37.8855","-122.033","APPROXIMATE","POINT (-122.033 37.8855)"
170,183,"47.2543","7.0026","ROOFTOP","POINT (7.0026 47.2543)"
483,517,"54.9548","-1.6576","GEOMETRIC_CENTER","POINT (-1.6576 54.9548)"
171,184,"50.6204","3.7592","GEOMETRIC_CENTER","POINT (3.7592 50.6204)"
485,519,"51.6987","-4.1456","GEOMETRIC_CENTER","POINT (-4.1456 51.6987)"
172,185,"48.0028","6.6583","GEOMETRIC_CENTER","POINT (6.6583 48.0028)"
486,520,"39.322","-120.163","ROOFTOP","POINT (-120.163 39.322)"
173,186,"32.3906","-93.3739","RANGE_INTERPOLATED","POINT (-93.3739 32.3906)"
487,521,"41.0117","-95.2272","APPROXIMATE","POINT (-95.2272 41.0117)"
174,187,"50.3114","4.9435","RANGE_INTERPOLATED","POINT (4.9435 50.3114)"
488,522,"44.0812","-103.227","RANGE_INTERPOLATED","POINT (-103.227 44.0812)"
175,188,"50.5779","3.5554","RANGE_INTERPOLATED","POINT (3.5554 50.5779)"
489,523,"37.3775","-122.03","RANGE_INTERPOLATED","POINT (-122.03 37.3775)"
176,189,"50.5718","3.6508","RANGE_INTERPOLATED","POINT (3.6508 50.5718)"
490,524,"35.5953","-120.694","ROOFTOP","POINT (-120.694 35.5953)"
177,190,"50.3089","3.6285","APPROXIMATE","POINT (3.6285 50.3089)"
491,525,"34.2257","-77.9447","APPROXIMATE","POINT (-77.9447 34.2257)"
178,191,"50.7428","3.6875","RANGE_INTERPOLATED","POINT (3.6875 50.7428)"
492,526,"47.0437","-122.897","ROOFTOP","POINT (-122.897 47.0437)"
179,192,"50.286","5.5127","RANGE_INTERPOLATED","POINT (5.5127 50.286)"
493,527,"46.7926","-92.0909","RANGE_INTERPOLATED","POINT (-92.0909 46.7926)"
180,193,"50.6054","3.0775","APPROXIMATE","POINT (3.0775 50.6054)"
494,528,"41.6611","-91.5302","APPROXIMATE","POINT (-91.5302 41.6611)"
181,194,"50.408","4.1659","RANGE_INTERPOLATED","POINT (4.1659 50.408)"
495,529,"35.1973","-111.648","ROOFTOP","POINT (-111.648 35.1973)"
496,530,"38.95","-92.3323","ROOFTOP","POINT (-92.3323 38.95)"
182,195,"50.2024","4.8914","RANGE_INTERPOLATED","POINT (4.8914 50.2024)"
497,531,"44.9084","-93.1538","RANGE_INTERPOLATED","POINT (-93.1538 44.9084)"
183,196,"50.2601","3.3125","RANGE_INTERPOLATED","POINT (3.3125 50.2601)"
843,893,"38.1074","-122.57","APPROXIMATE","POINT (-122.57 38.1074)"
1180,1248,"40.4624","-79.9645","ROOFTOP","POINT (-79.9645 40.4624)"
844,894,"34.4686","-114.341","ROOFTOP","POINT (-114.341 34.4686)"
1181,1249,"37.7839","-122.001","GEOMETRIC_CENTER","POINT (-122.001 37.7839)"
845,895,"40.5843","-98.3912","RANGE_INTERPOLATED","POINT (-98.3912 40.5843)"
1182,1250,"42.1185","-86.4537","RANGE_INTERPOLATED","POINT (-86.4537 42.1185)"
846,896,"-40.7658","172.705","GEOMETRIC_CENTER","POINT (172.705 -40.7658)"
1183,1251,"33.1406","-117.15","APPROXIMATE","POINT (-117.15 33.1406)"
847,897,"16.7779","96.1679","GEOMETRIC_CENTER","POINT (96.1679 16.7779)"
1184,1252,"41.819","-71.4097","RANGE_INTERPOLATED","POINT (-71.4097 41.819)"
848,899,"40.3978","-105.075","APPROXIMATE","POINT (-105.075 40.3978)"
1185,1253,"41.9211","-86.4583","ROOFTOP","POINT (-86.4583 41.9211)"
849,900,"-22.5589","17.0825","APPROXIMATE","POINT (17.0825 -22.5589)"
1186,1254,"38.4398","-122.713","ROOFTOP","POINT (-122.713 38.4398)"
850,901,"41.1339","-96.0307","RANGE_INTERPOLATED","POINT (-96.0307 41.1339)"
1187,1255,"41.0689","-81.5172","ROOFTOP","POINT (-81.5172 41.0689)"
851,902,"49.4884","-117.29","RANGE_INTERPOLATED","POINT (-117.29 49.4884)"
1188,1256,"37.7855","-122.4","ROOFTOP","POINT (-122.4 37.7855)"
852,903,"52.081","0.6559","GEOMETRIC_CENTER","POINT (0.6559 52.081)"
1189,1257,"34.7968","-82.4245","RANGE_INTERPOLATED","POINT (-82.4245 34.7968)"
853,904,"38.3281","-85.8171","ROOFTOP","POINT (-85.8171 38.3281)"
1190,1258,"41.8087","-72.7108","RANGE_INTERPOLATED","POINT (-72.7108 41.8087)"
854,905,"40.5929","-105.07","RANGE_INTERPOLATED","POINT (-105.07 40.5929)"
1191,1259,"47.5924","-122.334","RANGE_INTERPOLATED","POINT (-122.334 47.5924)"
855,906,"42.3587","-71.0574","APPROXIMATE","POINT (-71.0574 42.3587)"
1192,1260,"41.5354","-87.5158","RANGE_INTERPOLATED","POINT (-87.5158 41.5354)"
856,907,"42.8171","-89.6306","ROOFTOP","POINT (-89.6306 42.8171)"
1193,1261,"44.4771","-73.2115","ROOFTOP","POINT (-73.2115 44.4771)"
857,908,"42.79","-86.1041","ROOFTOP","POINT (-86.1041 42.79)"
1194,1262,"32.3407","-111.015","ROOFTOP","POINT (-111.015 32.3407)"
858,909,"33.9089","-84.3056","RANGE_INTERPOLATED","POINT (-84.3056 33.9089)"
1195,1263,"40.6966","-99.0815","RANGE_INTERPOLATED","POINT (-99.0815 40.6966)"
859,910,"40.1857","-75.4516","APPROXIMATE","POINT (-75.4516 40.1857)"
1196,1264,"40.9259","-98.3397","RANGE_INTERPOLATED","POINT (-98.3397 40.9259)"
860,912,"43.0893","-79.11","RANGE_INTERPOLATED","POINT (-79.11 43.0893)"
1197,1265,"37.3362","-121.894","ROOFTOP","POINT (-121.894 37.3362)"
861,913,"45.9222","-88.2518","APPROXIMATE","POINT (-88.2518 45.9222)"
1198,1266,"50.8399","4.2475","RANGE_INTERPOLATED","POINT (4.2475 50.8399)"
862,915,"44.0569","-123.11","ROOFTOP","POINT (-123.11 44.0569)"
1199,1267,"49.4944","-119.61","RANGE_INTERPOLATED","POINT (-119.61 49.4944)"
863,916,"39.9502","-75.1666","ROOFTOP","POINT (-75.1666 39.9502)"
1200,1268,"44.52","-88.0173","ROOFTOP","POINT (-88.0173 44.52)"
864,917,"45.5235","-122.676","APPROXIMATE","POINT (-122.676 45.5235)"
1201,1269,"39.7392","-104.985","APPROXIMATE","POINT (-104.985 39.7392)"
865,918,"58.5366","15.0373","APPROXIMATE","POINT (15.0373 58.5366)"
1202,1270,"52.0593","1.1557","APPROXIMATE","POINT (1.1557 52.0593)"
866,919,"39.4466","-123.806","ROOFTOP","POINT (-123.806 39.4466)"
1203,1271,"39.7418","-105.518","ROOFTOP","POINT (-105.518 39.7418)"
867,920,"41.0638","-80.0556","ROOFTOP","POINT (-80.0556 41.0638)"
1204,1272,"51.6666","-3.9443","GEOMETRIC_CENTER","POINT (-3.9443 51.6666)"
868,921,"47.6815","-122.209","APPROXIMATE","POINT (-122.209 47.6815)"
1205,1273,"51.0873","4.9178","APPROXIMATE","POINT (4.9178 51.0873)"
869,922,"44.7776","-91.4433","RANGE_INTERPOLATED","POINT (-91.4433 44.7776)"
1206,1274,"-33.8501","151.045","ROOFTOP","POINT (151.045 -33.8501)"
870,924,"38.8058","-90.7532","ROOFTOP","POINT (-90.7532 38.8058)"
1207,1275,"-33.8671","151.207","APPROXIMATE","POINT (151.207 -33.8671)"
871,925,"44.9458","-93.167","RANGE_INTERPOLATED","POINT (-93.167 44.9458)"
1208,1276,"35.9132","-79.0558","RANGE_INTERPOLATED","POINT (-79.0558 35.9132)"
872,926,"42.0884","-87.9806","APPROXIMATE","POINT (-87.9806 42.0884)"
1209,1277,"20.8911","-156.505","APPROXIMATE","POINT (-156.505 20.8911)"
873,928,"45.5539","-94.1703","APPROXIMATE","POINT (-94.1703 45.5539)"
1210,1278,"42.351","-83.0665","RANGE_INTERPOLATED","POINT (-83.0665 42.351)"
874,929,"34.8661","-111.796","RANGE_INTERPOLATED","POINT (-111.796 34.8661)"
1211,1279,"38.7745","-90.484","RANGE_INTERPOLATED","POINT (-90.484 38.7745)"
875,930,"39.615","-86.0901","RANGE_INTERPOLATED","POINT (-86.0901 39.615)"
1212,1280,"40.6892","-74.4349","ROOFTOP","POINT (-74.4349 40.6892)"
876,931,"52.5758","-0.248","RANGE_INTERPOLATED","POINT (-0.248 52.5758)"
1213,1281,"55.619","-3.0636","APPROXIMATE","POINT (-3.0636 55.619)"
877,932,"40.015","-105.271","APPROXIMATE","POINT (-105.271 40.015)"
1214,1282,"38.8967","-104.855","RANGE_INTERPOLATED","POINT (-104.855 38.8967)"
878,933,"40.015","-105.271","APPROXIMATE","POINT (-105.271 40.015)"
1215,1283,"37.8734","-122.269","ROOFTOP","POINT (-122.269 37.8734)"
879,934,"43.1117","-88.4993","APPROXIMATE","POINT (-88.4993 43.1117)"
1216,1284,"40.3659","-74.9544","GEOMETRIC_CENTER","POINT (-74.9544 40.3659)"
880,935,"40.5894","-105.063","ROOFTOP","POINT (-105.063 40.5894)"
1217,1285,"40.3507","-74.6583","ROOFTOP","POINT (-74.6583 40.3507)"
881,936,"33.2029","-117.255","RANGE_INTERPOLATED","POINT (-117.255 33.2029)"
1218,1286,"40.2559","-76.8715","ROOFTOP","POINT (-76.8715 40.2559)"
882,937,"41.1828","-80.7654","APPROXIMATE","POINT (-80.7654 41.1828)"
1219,1287,"13.7234","100.476","APPROXIMATE","POINT (100.476 13.7234)"
883,938,"50.2613","-119.277","RANGE_INTERPOLATED","POINT (-119.277 50.2613)"
1220,1288,"44.5203","-72.0014","RANGE_INTERPOLATED","POINT (-72.0014 44.5203)"
884,939,"30.2767","-97.7463","ROOFTOP","POINT (-97.7463 30.2767)"
1221,1289,"36.0663","120.383","APPROXIMATE","POINT (120.383 36.0663)"
885,940,"39.154","-75.4884","RANGE_INTERPOLATED","POINT (-75.4884 39.154)"
1222,1290,"49.4643","11.0847","ROOFTOP","POINT (11.0847 49.4643)"
886,941,"42.1682","-85.8497","RANGE_INTERPOLATED","POINT (-85.8497 42.1682)"
1223,1292,"44.9442","-93.0861","APPROXIMATE","POINT (-93.0861 44.9442)"
887,942,"42.0248","-93.6147","ROOFTOP","POINT (-93.6147 42.0248)"
1224,1293,"38.9735","-77.1272","ROOFTOP","POINT (-77.1272 38.9735)"
888,943,"42.2936","-85.5778","GEOMETRIC_CENTER","POINT (-85.5778 42.2936)"
1225,1294,"33.7496","-117.812","ROOFTOP","POINT (-117.812 33.7496)"
889,944,"39.0472","-84.5599","APPROXIMATE","POINT (-84.5599 39.0472)"
1226,1295,"46.7208","-92.1041","APPROXIMATE","POINT (-92.1041 46.7208)"
1227,1296,"47.8559","-121.971","RANGE_INTERPOLATED","POINT (-121.971 47.8559)"
890,945,"32.7153","-117.157","APPROXIMATE","POINT (-117.157 32.7153)"
1228,1297,"40.0201","-105.251","RANGE_INTERPOLATED","POINT (-105.251 40.0201)"
1229,1298,"41.8206","-88.2068","RANGE_INTERPOLATED","POINT (-88.2068 41.8206)"
891,946,"42.1865","-88.1835","ROOFTOP","POINT (-88.1835 42.1865)"
1230,1299,"40.7964","-73.699","ROOFTOP","POINT (-73.699 40.7964)"
892,947,"43.0389","-87.9065","APPROXIMATE","POINT (-87.9065 43.0389)"
1231,1300,"32.8545","-96.7687","ROOFTOP","POINT (-96.7687 32.8545)"
893,948,"48.7596","-122.488","APPROXIMATE","POINT (-122.488 48.7596)"
1232,1301,"43.0862","-88.8967","ROOFTOP","POINT (-88.8967 43.0862)"
894,949,"44.6365","-123.106","APPROXIMATE","POINT (-123.106 44.6365)"
1234,1303,"51.225","6.7722","ROOFTOP","POINT (6.7722 51.225)"
895,950,"44.5613","-123.261","ROOFTOP","POINT (-123.261 44.5613)"
1235,1304,"40.7326","-111.954","ROOFTOP","POINT (-111.954 40.7326)"
896,952,"40.3532","-74.0747","ROOFTOP","POINT (-74.0747 40.3532)"
1236,1305,"39.1498","-123.208","ROOFTOP","POINT (-123.208 39.1498)"
897,953,"59.0697","-3.3135","APPROXIMATE","POINT (-3.3135 59.0697)"
1237,1306,"43.2165","-123.342","APPROXIMATE","POINT (-123.342 43.2165)"
898,954,"28.5265","-81.3827","ROOFTOP","POINT (-81.3827 28.5265)"
1238,1307,"45.4416","-73.2595","RANGE_INTERPOLATED","POINT (-73.2595 45.4416)"
899,955,"44.4284","-73.2131","ROOFTOP","POINT (-73.2131 44.4284)"
1239,1309,"40.2118","-76.1232","RANGE_INTERPOLATED","POINT (-76.1232 40.2118)"
900,956,"40.2246","-105.268","RANGE_INTERPOLATED","POINT (-105.268 40.2246)"
1240,1310,"40.4233","-104.709","APPROXIMATE","POINT (-104.709 40.4233)"
901,957,"55.7558","37.6176","APPROXIMATE","POINT (37.6176 55.7558)"
1241,1311,"48.1355","11.6009","ROOFTOP","POINT (11.6009 48.1355)"
902,958,"48.2133","16.3229","ROOFTOP","POINT (16.3229 48.2133)"
1242,1312,"12.9689","77.5946","GEOMETRIC_CENTER","POINT (77.5946 12.9689)"
903,959,"44.0197","-73.1693","ROOFTOP","POINT (-73.1693 44.0197)"
1243,1313,"39.1733","-86.5369","RANGE_INTERPOLATED","POINT (-86.5369 39.1733)"
904,960,"40.8098","-77.9101","RANGE_INTERPOLATED","POINT (-77.9101 40.8098)"
1244,1314,"41.8445","-90.1887","APPROXIMATE","POINT (-90.1887 41.8445)"
905,961,"60.381","25.1102","GEOMETRIC_CENTER","POINT (25.1102 60.381)"
1245,1315,"41.2331","-96.1811","RANGE_INTERPOLATED","POINT (-96.1811 41.2331)"
906,962,"41.1475","-85.1168","APPROXIMATE","POINT (-85.1168 41.1475)"
1246,1316,"41.2553","-95.9306","RANGE_INTERPOLATED","POINT (-95.9306 41.2553)"
907,963,"29.43","-98.49","APPROXIMATE","POINT (-98.49 29.43)"
1247,1317,"51.3201","-2.208","APPROXIMATE","POINT (-2.208 51.3201)"
908,964,"32.7978","-117.24","APPROXIMATE","POINT (-117.24 32.7978)"
1248,1318,"40.7322","-111.9","RANGE_INTERPOLATED","POINT (-111.9 40.7322)"
1249,1320,"37.9551","-121.322","ROOFTOP","POINT (-121.322 37.9551)"
1250,1321,"40.0439","-75.3881","APPROXIMATE","POINT (-75.3881 40.0439)"
909,965,"37.8016","-122.274","RANGE_INTERPOLATED","POINT (-122.274 37.8016)"
1251,1322,"50.9205","3.2541","APPROXIMATE","POINT (3.2541 50.9205)"
1252,1323,"48.4344","-123.367","RANGE_INTERPOLATED","POINT (-123.367 48.4344)"
910,966,"47.5143","-122.353","ROOFTOP","POINT (-122.353 47.5143)"
1253,1324,"44.4773","-73.2144","ROOFTOP","POINT (-73.2144 44.4773)"
911,967,"50.9953","4.2835","RANGE_INTERPOLATED","POINT (4.2835 50.9953)"
1255,1326,"40.0061","-75.6942","RANGE_INTERPOLATED","POINT (-75.6942 40.0061)"
912,968,"32.8017","-79.9455","RANGE_INTERPOLATED","POINT (-79.9455 32.8017)"
1256,1327,"45.2585","-91.8181","ROOFTOP","POINT (-91.8181 45.2585)"
913,969,"43.1467","-75.1779","APPROXIMATE","POINT (-75.1779 43.1467)"
1257,1328,"39.1126","-77.5537","ROOFTOP","POINT (-77.5537 39.1126)"
914,970,"42.2012","-72.6104","ROOFTOP","POINT (-72.6104 42.2012)"
1258,1329,"57.4985","18.459","APPROXIMATE","POINT (18.459 57.4985)"
1259,1330,"41.6372","-80.1549","RANGE_INTERPOLATED","POINT (-80.1549 41.6372)"
915,971,"40.496","-111.42","RANGE_INTERPOLATED","POINT (-111.42 40.496)"
1260,1332,"42.5586","-71.8715","RANGE_INTERPOLATED","POINT (-71.8715 42.5586)"
916,972,"48.1391","11.5802","APPROXIMATE","POINT (11.5802 48.1391)"
1261,1333,"42.5739","-76.8582","RANGE_INTERPOLATED","POINT (-76.8582 42.5739)"
917,973,"43.8344","-91.2362","ROOFTOP","POINT (-91.2362 43.8344)"
1262,1334,"40.4616","-79.9653","RANGE_INTERPOLATED","POINT (-79.9653 40.4616)"
918,974,"45.2152","-123.97","ROOFTOP","POINT (-123.97 45.2152)"
1263,1335,"45.6922","-121.885","RANGE_INTERPOLATED","POINT (-121.885 45.6922)"
919,975,"40.4569","-79.9915","ROOFTOP","POINT (-79.9915 40.4569)"
920,976,"42.8368","-71.6626","RANGE_INTERPOLATED","POINT (-71.6626 42.8368)"
921,977,"40.4569","-79.9915","ROOFTOP","POINT (-79.9915 40.4569)"
1264,1336,"42.6488","-85.2875","RANGE_INTERPOLATED","POINT (-85.2875 42.6488)"
922,978,"29.5761","-98.4772","ROOFTOP","POINT (-98.4772 29.5761)"
1265,1337,"51.4416","8.3519","ROOFTOP","POINT (8.3519 51.4416)"
923,979,"34.9251","-95.7253","GEOMETRIC_CENTER","POINT (-95.7253 34.9251)"
1266,1338,"42.3718","-71.2367","ROOFTOP","POINT (-71.2367 42.3718)"
924,980,"33.9176","-117.26","ROOFTOP","POINT (-117.26 33.9176)"
1267,1339,"43.0448","-87.9114","ROOFTOP","POINT (-87.9114 43.0448)"
925,981,"39.9827","-75.1275","ROOFTOP","POINT (-75.1275 39.9827)"
1268,1340,"43.0525","-88.3663","ROOFTOP","POINT (-88.3663 43.0525)"
926,982,"-20.2738","57.4971","GEOMETRIC_CENTER","POINT (57.4971 -20.2738)"
1269,1341,"44.8652","-93.4095","APPROXIMATE","POINT (-93.4095 44.8652)"
927,983,"41.9104","-87.6761","ROOFTOP","POINT (-87.6761 41.9104)"
1270,1342,"51.5002","-0.1262","APPROXIMATE","POINT (-0.1262 51.5002)"
928,984,"47.6081","-122.34","ROOFTOP","POINT (-122.34 47.6081)"
1271,1343,"39.232","-84.3783","APPROXIMATE","POINT (-84.3783 39.232)"
929,985,"35.1315","-79.4295","APPROXIMATE","POINT (-79.4295 35.1315)"
1272,1344,"47.2311","8.6691","ROOFTOP","POINT (8.6691 47.2311)"
930,986,"33.7268","-111.853","RANGE_INTERPOLATED","POINT (-111.853 33.7268)"
1273,1345,"35.8859","-75.6697","GEOMETRIC_CENTER","POINT (-75.6697 35.8859)"
1274,1346,"41.8506","-87.7937","APPROXIMATE","POINT (-87.7937 41.8506)"
1275,1347,"47.794","11.8311","ROOFTOP","POINT (11.8311 47.794)"
1277,1351,"41.4995","-81.6954","APPROXIMATE","POINT (-81.6954 41.4995)"
1278,1352,"40.6732","-75.2249","ROOFTOP","POINT (-75.2249 40.6732)"
1279,1353,"51.5375","-0.9046","APPROXIMATE","POINT (-0.9046 51.5375)"
1280,1354,"39.2866","-76.6182","ROOFTOP","POINT (-76.6182 39.2866)"
931,987,"39.7369","-104.991","RANGE_INTERPOLATED","POINT (-104.991 39.7369)"
1281,1355,"53.1407","-1.8084","APPROXIMATE","POINT (-1.8084 53.1407)"
1282,1356,"52.1357","-0.468","APPROXIMATE","POINT (-0.468 52.1357)"
932,988,"42.0038","21.4522","APPROXIMATE","POINT (21.4522 42.0038)"
1283,1357,"39.3722","-76.4638","RANGE_INTERPOLATED","POINT (-76.4638 39.3722)"
933,990,"50.2094","15.8326","APPROXIMATE","POINT (15.8326 50.2094)"
1284,1358,"45.3498","-123.073","RANGE_INTERPOLATED","POINT (-123.073 45.3498)"
934,993,"50.0355","15.762","ROOFTOP","POINT (15.762 50.0355)"
1285,1359,"47.3812","-94.6669","GEOMETRIC_CENTER","POINT (-94.6669 47.3812)"
935,994,"50.0878","14.4205","APPROXIMATE","POINT (14.4205 50.0878)"
1286,1360,"51.2047","0.6813","GEOMETRIC_CENTER","POINT (0.6813 51.2047)"
936,995,"49.1911","16.5918","ROOFTOP","POINT (16.5918 49.1911)"
1287,1361,"45.5408","-122.676","ROOFTOP","POINT (-122.676 45.5408)"
937,996,"47.8809","18.1972","ROOFTOP","POINT (18.1972 47.8809)"
1288,1362,"44.0521","-123.087","APPROXIMATE","POINT (-123.087 44.0521)"
938,997,"49.9225","14.6361","ROOFTOP","POINT (14.6361 49.9225)"
1289,1363,"39.3628","-77.4265","ROOFTOP","POINT (-77.4265 39.3628)"
939,998,"50.0685","14.4067","ROOFTOP","POINT (14.4067 50.0685)"
1290,1364,"42.2108","-88.1652","APPROXIMATE","POINT (-88.1652 42.2108)"
940,999,"59.939","30.3158","APPROXIMATE","POINT (30.3158 59.939)"
1291,1365,"42.1707","-123.645","ROOFTOP","POINT (-123.645 42.1707)"
941,1000,"41.9455","-88.4507","ROOFTOP","POINT (-88.4507 41.9455)"
1292,1366,"45.2519","-92.2713","APPROXIMATE","POINT (-92.2713 45.2519)"
1293,1367,"56.1163","-3.7954","APPROXIMATE","POINT (-3.7954 56.1163)"
942,1001,"32.9908","-117.272","ROOFTOP","POINT (-117.272 32.9908)"
1294,1368,"41.6416","-81.4066","RANGE_INTERPOLATED","POINT (-81.4066 41.6416)"
943,1002,"37.2283","-77.3903","GEOMETRIC_CENTER","POINT (-77.3903 37.2283)"
1295,1369,"34.2257","-77.9447","APPROXIMATE","POINT (-77.9447 34.2257)"
944,1003,"40.6954","-99.0812","RANGE_INTERPOLATED","POINT (-99.0812 40.6954)"
1296,1370,"43.0495","-88.0076","APPROXIMATE","POINT (-88.0076 43.0495)"
945,1004,"37.6645","-121.873","ROOFTOP","POINT (-121.873 37.6645)"
1297,1371,"44.6584","-111.1","RANGE_INTERPOLATED","POINT (-111.1 44.6584)"
946,1005,"49.7466","13.3861","ROOFTOP","POINT (13.3861 49.7466)"
1298,1372,"39.9619","-105.51","RANGE_INTERPOLATED","POINT (-105.51 39.9619)"
947,1007,"35.1814","136.906","APPROXIMATE","POINT (136.906 35.1814)"
1299,1373,"52.6842","1.449","APPROXIMATE","POINT (1.449 52.6842)"
948,1008,"38.8814","-94.8191","APPROXIMATE","POINT (-94.8191 38.8814)"
949,1009,"33.1406","-117.15","APPROXIMATE","POINT (-117.15 33.1406)"
950,1010,"43.3872","-87.8756","APPROXIMATE","POINT (-87.8756 43.3872)"
1300,1374,"49.792","9.915","ROOFTOP","POINT (9.915 49.792)"
951,1011,"40.3341","-75.012","RANGE_INTERPOLATED","POINT (-75.012 40.3341)"
1301,1375,"51.7523","-1.2558","APPROXIMATE","POINT (-1.2558 51.7523)"
952,1012,"45.5415","-122.713","ROOFTOP","POINT (-122.713 45.5415)"
1302,1377,"51.034","-114.083","GEOMETRIC_CENTER","POINT (-114.083 51.034)"
953,1013,"43.0781","-70.7575","RANGE_INTERPOLATED","POINT (-70.7575 43.0781)"
1303,1378,"52.1496","-2.5507","APPROXIMATE","POINT (-2.5507 52.1496)"
954,1014,"42.0347","-88.2819","ROOFTOP","POINT (-88.2819 42.0347)"
1304,1379,"39.7535","-104.998","ROOFTOP","POINT (-104.998 39.7535)"
955,1015,"34.542","-112.47","ROOFTOP","POINT (-112.47 34.542)"
1305,1380,"46.6021","-120.506","APPROXIMATE","POINT (-120.506 46.6021)"
956,1016,"60.4877","9.1885","APPROXIMATE","POINT (9.1885 60.4877)"
1306,1381,"49.2755","-123.121","RANGE_INTERPOLATED","POINT (-123.121 49.2755)"
957,1017,"49.6747","8.925","APPROXIMATE","POINT (8.925 49.6747)"
1307,1382,"45.5235","-122.676","APPROXIMATE","POINT (-122.676 45.5235)"
1308,1383,"39.9831","-75.1274","RANGE_INTERPOLATED","POINT (-75.1274 39.9831)"
958,1018,"51.1833","6.4993","ROOFTOP","POINT (6.4993 51.1833)"
1309,1391,"36.151","-86.7821","ROOFTOP","POINT (-86.7821 36.151)"
959,1019,"48.3153","11.8911","ROOFTOP","POINT (11.8911 48.3153)"
1310,1387,"32.821","-96.7848","ROOFTOP","POINT (-96.7848 32.821)"
960,1020,"51.2292","6.7925","ROOFTOP","POINT (6.7925 51.2292)"
1311,1390,"45.7861","-108.498","ROOFTOP","POINT (-108.498 45.7861)"
961,1021,"50.9465","6.9563","ROOFTOP","POINT (6.9563 50.9465)"
1312,1389,"53.9571","-1.0905","RANGE_INTERPOLATED","POINT (-1.0905 53.9571)"
962,1023,"48.9175","11.8735","ROOFTOP","POINT (11.8735 48.9175)"
1313,1385,"51.4611","-0.1966","RANGE_INTERPOLATED","POINT (-0.1966 51.4611)"
963,1024,"49.8851","10.8823","ROOFTOP","POINT (10.8823 49.8851)"
1314,1388,"40.7","-76.1747","ROOFTOP","POINT (-76.1747 40.7)"
964,1025,"39.6282","-106.047","ROOFTOP","POINT (-106.047 39.6282)"
1315,1386,"29.9386","-90.076","RANGE_INTERPOLATED","POINT (-90.076 29.9386)"
965,1026,"43.6615","-70.2553","APPROXIMATE","POINT (-70.2553 43.6615)"
1,1,"30.2234","-97.7697","ROOFTOP","POINT (-97.7697 30.2234)"
966,1027,"40.1688","-105.102","ROOFTOP","POINT (-105.102 40.1688)"
2,2,"37.7825","-122.393","ROOFTOP","POINT (-122.393 37.7825)"
967,1028,"43.6011","-89.7937","APPROXIMATE","POINT (-89.7937 43.6011)"
968,1029,"47.5917","-122.335","ROOFTOP","POINT (-122.335 47.5917)"
498,532,"42.2031","-87.9302","GEOMETRIC_CENTER","POINT (-87.9302 42.2031)"
969,1029,"37.8806","-122.3","ROOFTOP","POINT (-122.3 37.8806)"
499,534,"54.779","9.4355","ROOFTOP","POINT (9.4355 54.779)"
970,1031,"47.5924","-122.334","RANGE_INTERPOLATED","POINT (-122.334 47.5924)"
500,535,"28.0707","-80.6012","ROOFTOP","POINT (-80.6012 28.0707)"
971,1032,"36.0663","120.383","APPROXIMATE","POINT (120.383 36.0663)"
501,536,"41.5433","-87.6789","RANGE_INTERPOLATED","POINT (-87.6789 41.5433)"
972,1033,"33.4905","-79.116","GEOMETRIC_CENTER","POINT (-79.116 33.4905)"
502,537,"43.161","-77.6109","APPROXIMATE","POINT (-77.6109 43.161)"
973,1034,"49.2673","-123.103","RANGE_INTERPOLATED","POINT (-123.103 49.2673)"
503,538,"48.2992","-122.652","RANGE_INTERPOLATED","POINT (-122.652 48.2992)"
974,1035,"45.4856","-122.754","ROOFTOP","POINT (-122.754 45.4856)"
504,539,"42.9561","-78.8966","ROOFTOP","POINT (-78.8966 42.9561)"
505,540,"39.7582","-104.99","ROOFTOP","POINT (-104.99 39.7582)"
975,1036,"41.5841","-93.6296","ROOFTOP","POINT (-93.6296 41.5841)"
506,541,"39.9121","-74.9701","ROOFTOP","POINT (-74.9701 39.9121)"
976,1037,"51.1148","13.915","RANGE_INTERPOLATED","POINT (13.915 51.1148)"
507,542,"50.6818","4.9547","APPROXIMATE","POINT (4.9547 50.6818)"
977,1038,"32.7366","-97.3274","ROOFTOP","POINT (-97.3274 32.7366)"
508,543,"36.0973","-80.2509","ROOFTOP","POINT (-80.2509 36.0973)"
978,1039,"45.0851","-87.6544","ROOFTOP","POINT (-87.6544 45.0851)"
509,544,"38.9773","-76.4948","ROOFTOP","POINT (-76.4948 38.9773)"
979,1040,"61.2181","-149.9","APPROXIMATE","POINT (-149.9 61.2181)"
510,545,"40.5832","-105.042","ROOFTOP","POINT (-105.042 40.5832)"
980,1041,"41.1151","-74.147","RANGE_INTERPOLATED","POINT (-74.147 41.1151)"
511,548,"38.8048","-77.0469","APPROXIMATE","POINT (-77.0469 38.8048)"
981,1042,"42.832","-88.714","ROOFTOP","POINT (-88.714 42.832)"
512,549,"42.9585","-85.6735","ROOFTOP","POINT (-85.6735 42.9585)"
982,1043,"51.3723","-2.8773","APPROXIMATE","POINT (-2.8773 51.3723)"
513,550,"41.8089","-88.0112","APPROXIMATE","POINT (-88.0112 41.8089)"
514,551,"33.4194","-111.916","ROOFTOP","POINT (-111.916 33.4194)"
983,1044,"30.113","-98.4156","RANGE_INTERPOLATED","POINT (-98.4156 30.113)"
515,552,"44.0342","-88.5608","RANGE_INTERPOLATED","POINT (-88.5608 44.0342)"
984,1045,"33.6864","-117.66","APPROXIMATE","POINT (-117.66 33.6864)"
516,553,"44.2678","-88.4731","RANGE_INTERPOLATED","POINT (-88.4731 44.2678)"
985,1046,"33.037","-117.292","APPROXIMATE","POINT (-117.292 33.037)"
986,1047,"45.1913","-109.247","RANGE_INTERPOLATED","POINT (-109.247 45.1913)"
517,554,"41.499","-72.9007","APPROXIMATE","POINT (-72.9007 41.499)"
518,555,"39.3628","-77.4265","ROOFTOP","POINT (-77.4265 39.3628)"
519,556,"38.9718","-95.2357","ROOFTOP","POINT (-95.2357 38.9718)"
987,1048,"36.0613","-79.5695","ROOFTOP","POINT (-79.5695 36.0613)"
520,557,"51.8325","-2.5116","GEOMETRIC_CENTER","POINT (-2.5116 51.8325)"
521,558,"53.5755","7.9016","ROOFTOP","POINT (7.9016 53.5755)"
522,559,"41.5202","-90.5725","RANGE_INTERPOLATED","POINT (-90.5725 41.5202)"
523,560,"41.5403","-82.7355","APPROXIMATE","POINT (-82.7355 41.5403)"
524,561,"49.0156","12.0913","ROOFTOP","POINT (12.0913 49.0156)"
525,562,"45.7103","-121.515","RANGE_INTERPOLATED","POINT (-121.515 45.7103)"
526,563,"51.4877","-0.2498","GEOMETRIC_CENTER","POINT (-0.2498 51.4877)"
527,565,"43.8014","-91.2396","APPROXIMATE","POINT (-91.2396 43.8014)"
528,566,"40.7465","-74.2594","ROOFTOP","POINT (-74.2594 40.7465)"
529,567,"51.3397","12.3714","APPROXIMATE","POINT (12.3714 51.3397)"
530,568,"47.6064","9.6061","ROOFTOP","POINT (9.6061 47.6064)"
531,569,"47.5171","9.43","ROOFTOP","POINT (9.43 47.5171)"
532,570,"51.2249","6.7757","APPROXIMATE","POINT (6.7757 51.2249)"
533,571,"53.1691","0.3169","GEOMETRIC_CENTER","POINT (0.3169 53.1691)"
534,572,"50.7989","-1.0912","APPROXIMATE","POINT (-1.0912 50.7989)"
535,573,"52.3544","9.7532","ROOFTOP","POINT (9.7532 52.3544)"
536,574,"46.518","-95.3761","APPROXIMATE","POINT (-95.3761 46.518)"
184,197,"50.6746","4.1509","RANGE_INTERPOLATED","POINT (4.1509 50.6746)"
537,575,"61.2179","-149.896","ROOFTOP","POINT (-149.896 61.2179)"
185,198,"45.4682","-73.5913","ROOFTOP","POINT (-73.5913 45.4682)"
186,199,"42.6483","9.4529","GEOMETRIC_CENTER","POINT (9.4529 42.6483)"
538,576,"41.8775","-88.067","APPROXIMATE","POINT (-88.067 41.8775)"
187,200,"50.8851","2.4329","ROOFTOP","POINT (2.4329 50.8851)"
539,577,"39.5476","-107.323","ROOFTOP","POINT (-107.323 39.5476)"
188,201,"50.3682","4.3266","RANGE_INTERPOLATED","POINT (4.3266 50.3682)"
540,578,"-27.8539","153.359","APPROXIMATE","POINT (153.359 -27.8539)"
189,202,"50.8416","4.3355","ROOFTOP","POINT (4.3355 50.8416)"
541,579,"43.4676","-80.5231","RANGE_INTERPOLATED","POINT (-80.5231 43.4676)"
190,203,"48.593","7.7149","RANGE_INTERPOLATED","POINT (7.7149 48.593)"
542,580,"39.7546","-105.224","ROOFTOP","POINT (-105.224 39.7546)"
191,204,"47.6715","9.5888","ROOFTOP","POINT (9.5888 47.6715)"
543,581,"37.7749","-122.419","APPROXIMATE","POINT (-122.419 37.7749)"
192,205,"47.9706","11.7808","ROOFTOP","POINT (11.7808 47.9706)"
544,582,"37.8716","-122.273","APPROXIMATE","POINT (-122.273 37.8716)"
193,206,"53.0787","8.7901","ROOFTOP","POINT (8.7901 53.0787)"
545,583,"41.9273","-87.6807","RANGE_INTERPOLATED","POINT (-87.6807 41.9273)"
194,207,"51.3055","8.1259","GEOMETRIC_CENTER","POINT (8.1259 51.3055)"
546,584,"45.2104","-123.189","ROOFTOP","POINT (-123.189 45.2104)"
195,208,"49.8942","10.8855","APPROXIMATE","POINT (10.8855 49.8942)"
547,585,"41.9137","-87.6543","ROOFTOP","POINT (-87.6543 41.9137)"
196,209,"49.9477","11.5659","ROOFTOP","POINT (11.5659 49.9477)"
548,586,"41.8871","-87.6721","ROOFTOP","POINT (-87.6721 41.8871)"
197,210,"48.2351","13.8292","ROOFTOP","POINT (13.8292 48.2351)"
549,587,"26.0745","-80.1806","ROOFTOP","POINT (-80.1806 26.0745)"
198,211,"47.3625","15.0947","ROOFTOP","POINT (15.0947 47.3625)"
550,588,"37.3526","-121.893","RANGE_INTERPOLATED","POINT (-121.893 37.3526)"
199,212,"52.3935","9.6814","ROOFTOP","POINT (9.6814 52.3935)"
551,589,"39.6441","-106.596","ROOFTOP","POINT (-106.596 39.6441)"
200,213,"47.8243","10.0239","ROOFTOP","POINT (10.0239 47.8243)"
552,590,"41.4295","-97.3623","ROOFTOP","POINT (-97.3623 41.4295)"
201,214,"47.3642","8.5245","ROOFTOP","POINT (8.5245 47.3642)"
553,591,"42.1779","-88.3377","ROOFTOP","POINT (-88.3377 42.1779)"
202,216,"47.7818","9.6215","ROOFTOP","POINT (9.6215 47.7818)"
554,592,"40.2518","-105.82","RANGE_INTERPOLATED","POINT (-105.82 40.2518)"
203,217,"47.3301","9.4135","RANGE_INTERPOLATED","POINT (9.4135 47.3301)"
555,593,"43.4988","-110.877","ROOFTOP","POINT (-110.877 43.4988)"
204,218,"50.8753","6.9944","ROOFTOP","POINT (6.9944 50.8753)"
556,594,"43.5984","-111.108","RANGE_INTERPOLATED","POINT (-111.108 43.5984)"
205,219,"47.4301","9.3794","ROOFTOP","POINT (9.3794 47.4301)"
557,595,"41.2672","-96.0714","RANGE_INTERPOLATED","POINT (-96.0714 41.2672)"
206,220,"51.2216","6.7853","ROOFTOP","POINT (6.7853 51.2216)"
558,596,"45.5498","-94.2067","RANGE_INTERPOLATED","POINT (-94.2067 45.5498)"
207,221,"51.2847","7.2936","ROOFTOP","POINT (7.2936 51.2847)"
559,597,"49.8945","-119.488","RANGE_INTERPOLATED","POINT (-119.488 49.8945)"
208,222,"49.8942","10.8855","APPROXIMATE","POINT (10.8855 49.8942)"
560,598,"49.2705","-123.136","RANGE_INTERPOLATED","POINT (-123.136 49.2705)"
209,223,"51.9657","7.6214","ROOFTOP","POINT (7.6214 51.9657)"
561,599,"42.6793","-89.0498","RANGE_INTERPOLATED","POINT (-89.0498 42.6793)"
210,224,"48.1306","15.1386","APPROXIMATE","POINT (15.1386 48.1306)"
562,600,"39.5349","-119.754","RANGE_INTERPOLATED","POINT (-119.754 39.5349)"
211,225,"48.0778","9.3996","ROOFTOP","POINT (9.3996 48.0778)"
563,601,"61.5816","-149.439","RANGE_INTERPOLATED","POINT (-149.439 61.5816)"
213,227,"44.4105","-95.4107","RANGE_INTERPOLATED","POINT (-95.4107 44.4105)"
564,602,"43.0745","-89.3802","ROOFTOP","POINT (-89.3802 43.0745)"
214,228,"49.6993","9.2492","ROOFTOP","POINT (9.2492 49.6993)"
565,603,"43.0177","-89.4232","ROOFTOP","POINT (-89.4232 43.0177)"
215,229,"51.2404","6.7516","ROOFTOP","POINT (6.7516 51.2404)"
566,604,"39.7539","-104.989","ROOFTOP","POINT (-104.989 39.7539)"
216,230,"47.6651","9.175","ROOFTOP","POINT (9.175 47.6651)"
567,605,"41.4844","-81.7042","RANGE_INTERPOLATED","POINT (-81.7042 41.4844)"
568,606,"39.6042","-105.948","APPROXIMATE","POINT (-105.948 39.6042)"
217,231,"43.0646","141.347","APPROXIMATE","POINT (141.347 43.0646)"
569,607,"44.9467","-93.097","ROOFTOP","POINT (-93.097 44.9467)"
218,232,"50.9394","6.9594","ROOFTOP","POINT (6.9594 50.9394)"
570,608,"44.5189","-88.0196","ROOFTOP","POINT (-88.0196 44.5189)"
219,233,"47.5585","8.9006","ROOFTOP","POINT (8.9006 47.5585)"
571,609,"33.136","-117.225","ROOFTOP","POINT (-117.225 33.136)"
220,234,"47.0679","15.4417","APPROXIMATE","POINT (15.4417 47.0679)"
572,610,"44.9398","-93.1568","RANGE_INTERPOLATED","POINT (-93.1568 44.9398)"
221,235,"41.254","-95.9993","APPROXIMATE","POINT (-95.9993 41.254)"
573,611,"44.0344","-73.1735","ROOFTOP","POINT (-73.1735 44.0344)"
222,236,"39.7236","-105.001","ROOFTOP","POINT (-105.001 39.7236)"
574,612,"52.241","0.7157","GEOMETRIC_CENTER","POINT (0.7157 52.241)"
575,613,"35.7721","-78.6386","APPROXIMATE","POINT (-78.6386 35.7721)"
223,237,"39.7236","-105.001","ROOFTOP","POINT (-105.001 39.7236)"
576,614,"38.2382","-122.04","APPROXIMATE","POINT (-122.04 38.2382)"
224,238,"50.6718","6.122","RANGE_INTERPOLATED","POINT (6.122 50.6718)"
577,615,"42.2805","-83.749","RANGE_INTERPOLATED","POINT (-83.749 42.2805)"
225,239,"41.347","-81.8226","ROOFTOP","POINT (-81.8226 41.347)"
578,616,"52.2081","6.8163","GEOMETRIC_CENTER","POINT (6.8163 52.2081)"
226,240,"37.3861","-122.084","APPROXIMATE","POINT (-122.084 37.3861)"
579,617,"43.0081","-89.7383","ROOFTOP","POINT (-89.7383 43.0081)"
227,241,"57.683","-2.003","APPROXIMATE","POINT (-2.003 57.683)"
580,618,"19.427","-99.1276","APPROXIMATE","POINT (-99.1276 19.427)"
228,242,"39.3028","-76.6164","ROOFTOP","POINT (-76.6164 39.3028)"
581,619,"50.8109","5.9213","RANGE_INTERPOLATED","POINT (5.9213 50.8109)"
229,243,"41.4548","-70.565","APPROXIMATE","POINT (-70.565 41.4548)"
582,620,"52.3795","4.6377","APPROXIMATE","POINT (4.6377 52.3795)"
230,244,"50.8527","4.3311","GEOMETRIC_CENTER","POINT (4.3311 50.8527)"
583,621,"48.1391","11.5802","APPROXIMATE","POINT (11.5802 48.1391)"
231,245,"48.9739","14.475","APPROXIMATE","POINT (14.475 48.9739)"
584,622,"45.4901","-122.643","RANGE_INTERPOLATED","POINT (-122.643 45.4901)"
585,623,"47.6592","-122.366","ROOFTOP","POINT (-122.366 47.6592)"
232,246,"51.3144","4.989","RANGE_INTERPOLATED","POINT (4.989 51.3144)"
586,624,"37.4903","-122.435","APPROXIMATE","POINT (-122.435 37.4903)"
233,247,"42.8606","-90.1772","RANGE_INTERPOLATED","POINT (-90.1772 42.8606)"
587,625,"35.6083","-77.3732","ROOFTOP","POINT (-77.3732 35.6083)"
234,248,"50.853","4.1649","RANGE_INTERPOLATED","POINT (4.1649 50.853)"
235,249,"42.6818","-74.9255","RANGE_INTERPOLATED","POINT (-74.9255 42.6818)"
236,250,"42.5847","-87.8212","APPROXIMATE","POINT (-87.8212 42.5847)"
237,251,"37.5483","-121.989","APPROXIMATE","POINT (-121.989 37.5483)"
238,254,"42.4965","-90.6652","ROOFTOP","POINT (-90.6652 42.4965)"
239,255,"45.5311","-122.685","ROOFTOP","POINT (-122.685 45.5311)"
240,256,"39.3628","-77.4265","ROOFTOP","POINT (-77.4265 39.3628)"
241,257,"38.8097","-104.826","RANGE_INTERPOLATED","POINT (-104.826 38.8097)"
588,626,"54.1744","-1.4844","GEOMETRIC_CENTER","POINT (-1.4844 54.1744)"
242,258,"39.8735","-86.1427","RANGE_INTERPOLATED","POINT (-86.1427 39.8735)"
589,627,"50.9889","-1.4989","APPROXIMATE","POINT (-1.4989 50.9889)"
243,259,"40.7215","-73.9575","ROOFTOP","POINT (-73.9575 40.7215)"
590,628,"51.1913","6.4421","APPROXIMATE","POINT (6.4421 51.1913)"
244,260,"55.6145","-3.4107","APPROXIMATE","POINT (-3.4107 55.6145)"
591,629,"60.2945","5.2592","RANGE_INTERPOLATED","POINT (5.2592 60.2945)"
245,261,"52.3666","4.9263","ROOFTOP","POINT (4.9263 52.3666)"
592,630,"50.729","4.2971","RANGE_INTERPOLATED","POINT (4.2971 50.729)"
246,262,"51.2974","4.6881","RANGE_INTERPOLATED","POINT (4.6881 51.2974)"
593,631,"20.7592","-156.457","APPROXIMATE","POINT (-156.457 20.7592)"
247,263,"50.8961","2.7222","RANGE_INTERPOLATED","POINT (2.7222 50.8961)"
594,632,"43.3871","-87.8795","RANGE_INTERPOLATED","POINT (-87.8795 43.3871)"
248,264,"50.4431","4.4147","RANGE_INTERPOLATED","POINT (4.4147 50.4431)"
595,633,"47.2436","-122.437","ROOFTOP","POINT (-122.437 47.2436)"
249,265,"50.8853","4.7008","RANGE_INTERPOLATED","POINT (4.7008 50.8853)"
596,634,"42.3465","-71.0338","ROOFTOP","POINT (-71.0338 42.3465)"
250,266,"50.8628","3.2992","RANGE_INTERPOLATED","POINT (3.2992 50.8628)"
597,635,"43.513","-72.4015","ROOFTOP","POINT (-72.4015 43.513)"
251,267,"50.7767","3.2785","RANGE_INTERPOLATED","POINT (3.2785 50.7767)"
598,636,"40.4962","-74.4441","RANGE_INTERPOLATED","POINT (-74.4441 40.4962)"
252,268,"50.7123","4.2197","RANGE_INTERPOLATED","POINT (4.2197 50.7123)"
599,637,"50.8742","0.0167","RANGE_INTERPOLATED","POINT (0.0167 50.8742)"
600,638,"56.1531","-3.8006","APPROXIMATE","POINT (-3.8006 56.1531)"
601,639,"51.8439","10.7533","ROOFTOP","POINT (10.7533 51.8439)"
602,640,"51.2261","6.7745","ROOFTOP","POINT (6.7745 51.2261)"
253,269,"51.0138","4.2018","RANGE_INTERPOLATED","POINT (4.2018 51.0138)"
603,641,"43.2165","-123.342","APPROXIMATE","POINT (-123.342 43.2165)"
604,642,"40.5853","-105.084","APPROXIMATE","POINT (-105.084 40.5853)"
254,270,"51.2986","5.4896","RANGE_INTERPOLATED","POINT (5.4896 51.2986)"
605,643,"40.7323","-73.9874","APPROXIMATE","POINT (-73.9874 40.7323)"
255,271,"50.985","4.2226","ROOFTOP","POINT (4.2226 50.985)"
606,644,"39.7392","-104.985","APPROXIMATE","POINT (-104.985 39.7392)"
256,272,"51.0281","2.9038","ROOFTOP","POINT (2.9038 51.0281)"
607,645,"39.9653","-74.3118","APPROXIMATE","POINT (-74.3118 39.9653)"
257,273,"51.2094","3.2252","APPROXIMATE","POINT (3.2252 51.2094)"
609,649,"47.5077","8.7302","ROOFTOP","POINT (8.7302 47.5077)"
258,274,"50.9098","4.2505","RANGE_INTERPOLATED","POINT (4.2505 50.9098)"
610,650,"49.892","10.8853","ROOFTOP","POINT (10.8853 49.892)"
259,110,"51.544","5.1285","RANGE_INTERPOLATED","POINT (5.1285 51.544)"
611,651,"45.7458","-87.056","RANGE_INTERPOLATED","POINT (-87.056 45.7458)"
260,276,"51.0228","4.1572","RANGE_INTERPOLATED","POINT (4.1572 51.0228)"
612,652,"44.9518","-89.6657","RANGE_INTERPOLATED","POINT (-89.6657 44.9518)"
261,277,"50.8105","3.1857","RANGE_INTERPOLATED","POINT (3.1857 50.8105)"
613,653,"44.9491","-93.2885","ROOFTOP","POINT (-93.2885 44.9491)"
262,278,"51.1968","3.2527","ROOFTOP","POINT (3.2527 51.1968)"
614,655,"32.3096","-106.793","ROOFTOP","POINT (-106.793 32.3096)"
263,279,"50.971","4.191","RANGE_INTERPOLATED","POINT (4.191 50.971)"
615,656,"43.1646","-77.6155","ROOFTOP","POINT (-77.6155 43.1646)"
264,280,"51.2515","5.546","APPROXIMATE","POINT (5.546 51.2515)"
616,657,"41.0016","-74.3403","RANGE_INTERPOLATED","POINT (-74.3403 41.0016)"
265,281,"51.0442","4.3257","APPROXIMATE","POINT (4.3257 51.0442)"
617,658,"35.5716","-82.4991","RANGE_INTERPOLATED","POINT (-82.4991 35.5716)"
266,282,"50.9882","5.0554","RANGE_INTERPOLATED","POINT (5.0554 50.9882)"
618,659,"47.5132","10.279","ROOFTOP","POINT (10.279 47.5132)"
267,284,"51.0325","4.473","RANGE_INTERPOLATED","POINT (4.473 51.0325)"
619,660,"37.5665","126.978","APPROXIMATE","POINT (126.978 37.5665)"
268,286,"50.7763","5.166","RANGE_INTERPOLATED","POINT (5.166 50.7763)"
620,661,"50.3949","9.7724","ROOFTOP","POINT (9.7724 50.3949)"
269,287,"50.8439","3.617","RANGE_INTERPOLATED","POINT (3.617 50.8439)"
621,662,"49.0125","8.4264","ROOFTOP","POINT (8.4264 49.0125)"
270,288,"50.818","4.2307","GEOMETRIC_CENTER","POINT (4.2307 50.818)"
622,663,"47.6942","13.0784","ROOFTOP","POINT (13.0784 47.6942)"
271,290,"50.7586","4.3012","RANGE_INTERPOLATED","POINT (4.3012 50.7586)"
623,664,"47.8691","12.6505","ROOFTOP","POINT (12.6505 47.8691)"
272,291,"50.9462","3.1362","RANGE_INTERPOLATED","POINT (3.1362 50.9462)"
624,665,"32.9618","-96.8292","APPROXIMATE","POINT (-96.8292 32.9618)"
273,292,"50.831","3.6759","RANGE_INTERPOLATED","POINT (3.6759 50.831)"
625,666,"32.803","-96.7699","APPROXIMATE","POINT (-96.7699 32.803)"
274,293,"51.1168","5.6464","RANGE_INTERPOLATED","POINT (5.6464 51.1168)"
626,667,"49.1672","12.6399","RANGE_INTERPOLATED","POINT (12.6399 49.1672)"
275,294,"50.8417","4.0213","RANGE_INTERPOLATED","POINT (4.0213 50.8417)"
627,668,"53.5621","9.9451","ROOFTOP","POINT (9.9451 53.5621)"
276,295,"50.5018","4.1086","APPROXIMATE","POINT (4.1086 50.5018)"
628,669,"38.9911","-77.0237","ROOFTOP","POINT (-77.0237 38.9911)"
277,296,"50.8425","2.6362","RANGE_INTERPOLATED","POINT (2.6362 50.8425)"
629,670,"51.9966","-1.4922","GEOMETRIC_CENTER","POINT (-1.4922 51.9966)"
278,297,"51.4439","4.7386","RANGE_INTERPOLATED","POINT (4.7386 51.4439)"
630,672,"40.6215","-111.866","ROOFTOP","POINT (-111.866 40.6215)"
279,298,"51.0923","3.01","RANGE_INTERPOLATED","POINT (3.01 51.0923)"
631,673,"41.0247","-81.4676","ROOFTOP","POINT (-81.4676 41.0247)"
280,299,"51.1287","3.4785","RANGE_INTERPOLATED","POINT (3.4785 51.1287)"
632,674,"38.5551","-121.43","ROOFTOP","POINT (-121.43 38.5551)"
281,300,"50.8564","3.8845","RANGE_INTERPOLATED","POINT (3.8845 50.8564)"
633,675,"39.7187","-104.95","ROOFTOP","POINT (-104.95 39.7187)"
282,301,"50.8612","2.6615","ROOFTOP","POINT (2.6615 50.8612)"
634,676,"43.7594","-87.7228","ROOFTOP","POINT (-87.7228 43.7594)"
283,302,"50.7778","4.8877","RANGE_INTERPOLATED","POINT (4.8877 50.7778)"
635,677,"37.677","-121.898","ROOFTOP","POINT (-121.898 37.677)"
284,303,"50.9201","3.2579","RANGE_INTERPOLATED","POINT (3.2579 50.9201)"
285,304,"51.1766","3.7462","RANGE_INTERPOLATED","POINT (3.7462 51.1766)"
636,678,"45.4969","-122.635","ROOFTOP","POINT (-122.635 45.4969)"
286,305,"50.8322","3.3884","RANGE_INTERPOLATED","POINT (3.3884 50.8322)"
637,679,"37.6345","-120.982","ROOFTOP","POINT (-120.982 37.6345)"
287,307,"49.9622","20.6003","RANGE_INTERPOLATED","POINT (20.6003 49.9622)"
638,680,"42.2626","-71.8023","APPROXIMATE","POINT (-71.8023 42.2626)"
288,309,"49.6622","19.1742","ROOFTOP","POINT (19.1742 49.6622)"
639,681,"51.2615","9.4494","GEOMETRIC_CENTER","POINT (9.4494 51.2615)"
289,310,"45.638","-89.4127","RANGE_INTERPOLATED","POINT (-89.4127 45.638)"
640,682,"39.6403","-106.374","APPROXIMATE","POINT (-106.374 39.6403)"
641,683,"39.2651","-84.3799","RANGE_INTERPOLATED","POINT (-84.3799 39.2651)"
290,311,"38.2554","-85.7441","ROOFTOP","POINT (-85.7441 38.2554)"
642,684,"-33.2175","151.426","GEOMETRIC_CENTER","POINT (151.426 -33.2175)"
291,312,"56.0746","12.1161","RANGE_INTERPOLATED","POINT (12.1161 56.0746)"
643,685,"51.2026","3.2242","RANGE_INTERPOLATED","POINT (3.2242 51.2026)"
292,313,"42.5083","-89.0318","APPROXIMATE","POINT (-89.0318 42.5083)"
644,686,"40.87","-124.087","RANGE_INTERPOLATED","POINT (-124.087 40.87)"
293,314,"40.1119","-76.5031","ROOFTOP","POINT (-76.5031 40.1119)"
645,687,"51.1007","3.6934","RANGE_INTERPOLATED","POINT (3.6934 51.1007)"
294,317,"39.705","-104.936","RANGE_INTERPOLATED","POINT (-104.936 39.705)"
646,688,"43.4666","-112.034","APPROXIMATE","POINT (-112.034 43.4666)"
295,318,"36.7477","-119.772","APPROXIMATE","POINT (-119.772 36.7477)"
296,319,"41.2404","-77.0057","RANGE_INTERPOLATED","POINT (-77.0057 41.2404)"
647,689,"40.4787","-88.9946","RANGE_INTERPOLATED","POINT (-88.9946 40.4787)"
297,320,"52.056","-2.7175","APPROXIMATE","POINT (-2.7175 52.056)"
298,322,"52.8065","-1.6225","GEOMETRIC_CENTER","POINT (-1.6225 52.8065)"
648,690,"50.8865","4.7069","RANGE_INTERPOLATED","POINT (4.7069 50.8865)"
299,323,"39.7245","-121.848","ROOFTOP","POINT (-121.848 39.7245)"
649,691,"39.9526","-75.1594","ROOFTOP","POINT (-75.1594 39.9526)"
300,324,"36.7477","-119.772","APPROXIMATE","POINT (-119.772 36.7477)"
650,692,"30.2131","-97.7358","ROOFTOP","POINT (-97.7358 30.2131)"
301,325,"41.5713","-71.0571","RANGE_INTERPOLATED","POINT (-71.0571 41.5713)"
651,693,"35.6675","-117.874","ROOFTOP","POINT (-117.874 35.6675)"
302,326,"41.1607","-104.802","ROOFTOP","POINT (-104.802 41.1607)"
652,694,"13.6998","-89.1832","GEOMETRIC_CENTER","POINT (-89.1832 13.6998)"
303,327,"42.6542","-73.7481","ROOFTOP","POINT (-73.7481 42.6542)"
304,328,"42.1844","-122.663","ROOFTOP","POINT (-122.663 42.1844)"
653,696,"56.4174","-3.4779","GEOMETRIC_CENTER","POINT (-3.4779 56.4174)"
305,329,"55.9358","-3.2297","RANGE_INTERPOLATED","POINT (-3.2297 55.9358)"
654,697,"53.4863","-6.168","APPROXIMATE","POINT (-6.168 53.4863)"
306,330,"35.932","-84.012","ROOFTOP","POINT (-84.012 35.932)"
655,698,"40.461","-79.9653","ROOFTOP","POINT (-79.9653 40.461)"
307,331,"37.9735","-122.531","APPROXIMATE","POINT (-122.531 37.9735)"
656,699,"39.6834","-75.7467","ROOFTOP","POINT (-75.7467 39.6834)"
308,332,"32.9147","-117.146","ROOFTOP","POINT (-117.146 32.9147)"
657,700,"39.745","-75.5561","RANGE_INTERPOLATED","POINT (-75.5561 39.745)"
309,333,"42.3664","-71.0911","ROOFTOP","POINT (-71.0911 42.3664)"
658,701,"37.986","-122.584","ROOFTOP","POINT (-122.584 37.986)"
310,334,"43.4745","-79.6775","RANGE_INTERPOLATED","POINT (-79.6775 43.4745)"
659,598,"34.396","-119.521","RANGE_INTERPOLATED","POINT (-119.521 34.396)"
311,335,"41.4995","-81.6954","APPROXIMATE","POINT (-81.6954 41.4995)"
660,703,"56.4907","-4.2026","APPROXIMATE","POINT (-4.2026 56.4907)"
312,336,"52.1344","-106.648","APPROXIMATE","POINT (-106.648 52.1344)"
313,337,"42.6102","-70.6664","ROOFTOP","POINT (-70.6664 42.6102)"
314,338,"43.0949","-89.5163","ROOFTOP","POINT (-89.5163 43.0949)"
315,339,"38.8999","-77.0272","ROOFTOP","POINT (-77.0272 38.8999)"
316,340,"38.8411","-77.0869","ROOFTOP","POINT (-77.0869 38.8411)"
317,341,"41.126","-73.7896","ROOFTOP","POINT (-73.7896 41.126)"
318,342,"52.8042","-6.7295","GEOMETRIC_CENTER","POINT (-6.7295 52.8042)"
319,343,"52.7196","-6.846","APPROXIMATE","POINT (-6.846 52.7196)"
320,344,"55.6667","12.5393","RANGE_INTERPOLATED","POINT (12.5393 55.6667)"
321,345,"56.9002","12.5405","GEOMETRIC_CENTER","POINT (12.5405 56.9002)"
322,346,"-37.8231","144.967","ROOFTOP","POINT (144.967 -37.8231)"
323,347,"42.2689","-89.0907","ROOFTOP","POINT (-89.0907 42.2689)"
324,348,"36.6777","-121.656","APPROXIMATE","POINT (-121.656 36.6777)"
325,349,"35.6231","-80.8011","ROOFTOP","POINT (-80.8011 35.6231)"
326,350,"35.9103","-79.0632","RANGE_INTERPOLATED","POINT (-79.0632 35.9103)"
327,351,"37.2748","-107.88","ROOFTOP","POINT (-107.88 37.2748)"
328,352,"43.7548","-71.3967","APPROXIMATE","POINT (-71.3967 43.7548)"
329,354,"43.649","-72.3193","APPROXIMATE","POINT (-72.3193 43.649)"
330,355,"41.9625","-91.6918","APPROXIMATE","POINT (-91.6918 41.9625)"
